Escalation ID,KP No.,Customer Name,Material Name,Qty,Material Location,Department,Level,Raised By,Problem Description,Effort / Action Taken,Timestamp,Status,Parent ID,Solution,Resolved By,Resolution Time,Closed By (Email)
ESC-001,KP-385-01,Not Found,Not Found,,,Admin,L1,Sonal ,Material received on 11/04/2026 but DC copy not received yet. DC copy received on 15/04/2026  .... but our timing is delay shedule ,Email & Call,4/18/2026 12:18:10,Open,,,,,
ESC-001,KP-385-01,Not Found,Not Found,,,Admin,L2,Sonal ,Material received on 11/04/2026 but DC copy not received yet. DC copy received on 15/04/2026  .... but our timing is delay shedule ,L1(Jeetu Sir) is in leave so escalate to L2.,4/18/2026 12:21:36,Open,,,,,
ESC-002,KP-379-01,THAKUR ENGINEERING WORKS,Shaft,1,B-37,Qc,L1,Vaibhav ,Coating area thki as per Drawing size pulse. Pre-maching reqd ,Suggestions to mail to customer ,4/18/2026 14:06:47,Open,,,,,
ESC-002,KP-379-01,THAKUR ENGINEERING WORKS,Shaft,1,B-37,Qc,L2,Vaibhav ,Coating area thki as per Drawing size pulse. Pre-maching reqd ,"Must Inform Cutomer via mail and confirm

Escalating Further to L2",4/18/2026 14:28:08,Close,,Change the code in PIR. Do not inform customer. As per drawing 0.200 mm required.,L2,,
ESC-003,KP-162-01,Bharat Wire Ropes,pulley,1,B-37,CRM ,L1,Namrata,"Bharat Wire Ropes material is ready for dispatch.
I am following up for the PO, but there has been no response from the customer.",I have made multiple calls and sent several emails.,4/21/2026 9:43:31,Open,,,,,
ESC-003,KP-162-01,Bharat Wire Ropes,pulley,1,B-37,CRM ,L2,Namrata,"Bharat Wire Ropes material is ready for dispatch.
I am following up for the PO, but there has been no response from the customer.",Sales has to speak to the customer for the PO,4/21/2026 9:45:58,Open,,,,,
ESC-004,KP-268-01,ALOKE ALLOYS,Hearth Roll,1,C20/4,Qc,L1,Vaibhav,"1) Ra value plus
2) visualy not ok ( patch of seal )",Approval take by client ,4/21/2026 13:50:39,Closed,,Send roll to customer. Discussion done with Haarsh sir.,L3,4/21/2026,
ESC-003,KP-162-01,Bharat Wire Ropes,pulley,1,B-37,CRM ,L3,Namrata,"Bharat Wire Ropes material is ready for dispatch.
I am following up for the PO, but there has been no response from the customer.","Sales tried to call the MD, but there was no response. Email sent to MD's email address. ",4/21/2026 14:04:19,Open,,,,,
ESC-003,KP-162-01,Bharat Wire Ropes,pulley,1,B-37,CRM ,L4,Namrata,"Bharat Wire Ropes material is ready for dispatch.
I am following up for the PO, but there has been no response from the customer.",Kindly don’t call or Email MD for such a small matter . Refrain from doing it . Don’t involve sales or communicate anything while the matter is in escalation phase . Not shifting to issue meeting and now involve sales . During issue meeting call . Sales  can provide discount upto 50 percent to dispatch material and fasten PO release . Kindly share the part photos and report to the customer over email before talking about discount ,4/21/2026 14:48:26,Open,,,,,
ESC-004,KP-268-01,ALOKE ALLOYS,Hearth Roll,1,C20/4,Qc,L2,Vaibhav,"1) Ra value plus
2) visualy not ok ( patch of seal )",-,4/21/2026 15:59:01,Closed,,Send roll to customer. Discussion done with Haarsh sir.,L2,4/21/2026,
ESC-005,KP-342-01,TATA Steel Limited,Hearth Roll,4,B-37,Qc,L1,Vaibhav ,"Visual not accept ( sealant, black spots observe)",Take approval from customer ,4/21/2026 16:37:16,Closed,,Send rolls to Customer. Discussion done with Haarsh Sir.,L2,4/21/2026,
ESC-005,KP-342-01,TATA Steel Limited,Hearth Roll,4,B-37,Qc,L2,Vaibhav ,"Visual not accept ( sealant, black spots observe)",-,4/21/2026 16:41:28,Closed,,Send rolls to Customer. Discussion done with Haarsh Sir.,L2,4/21/2026,
ESC-006,-,Not Found,Not Found,,,-,L1,Amruta,"Jitu Sir is on leave, I’m following up with Abhishek, but he has no idea about the rework sheet. Whom should I take the follow-up with?",I am following up with Abhishek regarding the rework sheet. I told him that Jitu Sir should call and understand the rework FMS sheet,4/22/2026 13:33:29,Open,,,,,
ESC-006,-,Not Found,Not Found,,,-,L2,Amruta,"Jitu Sir is on leave, I’m following up with Abhishek, but he has no idea about the rework sheet. Whom should I take the follow-up with?","Amruta can speak to Jitu sir first & then take both Jitu Sir & Abhishek on conference call and the sheet can be explaine to Abhishekh, with DDD's approval to do so",4/22/2026 14:12:38,Open,,,,,
ESC-006,-,Not Found,Not Found,,,-,L3,Amruta,"Jitu Sir is on leave, I’m following up with Abhishek, but he has no idea about the rework sheet. Whom should I take the follow-up with?",-,4/22/2026 14:15:47,Open,,,,,
ESC-007,KP-328-02,Pragati Engineering Works,Sleeve,3,C20/4,Quality,L1,Musawwir,TL found -0.08 from required Size,-,4/23/2026 12:17:19,Closed,,Take deviation ,L2,4/23/2026,
ESC-007,KP-328-02,Pragati Engineering Works,Sleeve,3,C20/4,Quality,L2,Musawwir,TL found -0.08 from required Size,Deviation to be Taken from Customer,4/23/2026 12:23:29,Closed,,Take deviation ,L2,4/23/2026,
ESC-008,-,Not Found,Not Found,,,MIS,L1,Kajal,Need Internal Schedule from QA Department for upcoming Month(May-26),I called Laxmi madam regarding the same. She said she is busy with audit preparation and will be able to provide it by Saturday.,4/23/2026 15:43:25,Open,,,,,
ESC-008,-,Not Found,Not Found,,,MIS,L2,Kajal,Need Internal Schedule from QA Department for upcoming Month(May-26),"Since PG is not available, she is busy with audit related work, getting action plan from other departments, work related to samples & jobs received.  Has agreed to submit on Saturday, 25/4/26, if PG comes",4/23/2026 16:29:50,Open,,,,,
ESC-009,-,Not Found,Not Found,,,-,L1,Ashvini ," Purchase FMS sheet dust collector portable {ST-01 893} – the quotation has not been received. The planned date was 11/02/2026, but it has been significantly delayed.",There has been no response to calls or emails,4/23/2026 16:44:30,Closed,,Quotation will be shared by tomorrow ,L3,,
ESC-009,-,Not Found,Not Found,,,-,L2,Ashvini ," Purchase FMS sheet dust collector portable {ST-01 893} – the quotation has not been received. The planned date was 11/02/2026, but it has been significantly delayed.",-,4/23/2026 16:50:12,Closed,,Quotation will be shared by tomorrow ,L3,,
ESC-009,-,Not Found,Not Found,,,-,L3,Ashvini ," Purchase FMS sheet dust collector portable {ST-01 893} – the quotation has not been received. The planned date was 11/02/2026, but it has been significantly delayed.",-,4/23/2026 16:51:13,Closed,,Quotation will be shared by tomorrow ,L3,,
ESC-010,KP-377-01,Godrej & Boyce Mfg. Co. Ltd,Blade Rotor Stage II,2,C20/4,CRM,L1,Namrata,Godrej & Boyce Mfg. Co. Ltd (Challan No. C42021107) Pending po from customer ,"Mails, call,  whatsup  massages. ",4/23/2026 17:08:42,Open,,,,,
ESC-010,KP-377-01,Godrej & Boyce Mfg. Co. Ltd,Blade Rotor Stage II,2,C20/4,CRM,L2,Namrata,Godrej & Boyce Mfg. Co. Ltd (Challan No. C42021107) Pending po from customer ,"CRM is following up with the customer for the PO since 19/04/2026, customer is unable to give the PO due to some issue in the system.  ",4/23/2026 17:30:04,Open,,,,,
ESC-011,KP-401-01 & KP-401-02,Not Found,Not Found,,,QC,L1,Shisir Kumar Jena ,"It is mentioned in the drawing that both inner and outer side coating is required, but the inner side is not coated, please tell us what to do next.","I had doubts, so I escalated to this matter. ",4/25/2026 10:26:04,Closed,,"the coating area marking was done with customer witnessing, and had told coating not required inside.",L2,4/25/2026,
ESC-012,-,Not Found,Not Found,,,Sales,L1,Venkatesh ,Get customer contact & arrange calls - west coast,Multiples time call to customer but no response ,4/25/2026 10:53:00,Open,,,,,
ESC-013,-,Not Found,Not Found,,,Sales,L1,Venkatesh ,Get customer contact & arrange calls - Kuantam paper,Multiples time call to customer but no response ,4/25/2026 10:54:05,Open,,,,,
ESC-011,KP-401-01 & KP-401-02,Not Found,Not Found,,,QC,L2,Shisir Kumar Jena ,"It is mentioned in the drawing that both inner and outer side coating is required, but the inner side is not coated, please tell us what to do next.",As per Dwg provide the ID area Required Coating need to ask Works Manager for review if any changes were mentioned by customer ,4/25/2026 11:15:11,Closed,,"the coating area marking was done with customer witnessing, and had told coating not required inside.",L2,4/25/2026,
ESC-014,KP-330-01,Extreme Feedscrew Coatings Pvt Ltd,Body Chamber Assly.,1,C20/4,QC,L1,Shisir Kumar Jena ,"In the job, damage was found in the non-coating area during the final inspection and the material was OK during the pre-inspection, but its pre-photographs were deleted by mistake. What to do next, kindly suggest.","I got damaged because of that I escalated, because I can't pass a damaged job.",4/25/2026 11:57:47,Open,,,,,
ESC-014,KP-330-01,Extreme Feedscrew Coatings Pvt Ltd,Body Chamber Assly.,1,C20/4,QC,L2,Shisir Kumar Jena ,"In the job, damage was found in the non-coating area during the final inspection and the material was OK during the pre-inspection, but its pre-photographs were deleted by mistake. What to do next, kindly suggest.",-,4/25/2026 12:35:34,Open,,,,,
ESC-015,-,Not Found,Not Found,,,-,L1,Ashwini ,Unable to reply to Dhaval sir's  questions regarding modern engery service,-,4/25/2026 14:52:36,Open,,,,,
ESC-015,-,Not Found,Not Found,,,-,L2,Ashwini ,Unable to reply to Dhaval sir's  questions regarding modern engery service,Jeetu sir is absent today.,4/25/2026 14:54:46,Open,,,,,
ESC-016,-,Not Found,Not Found,,,Purchase,L1,Ashvini mane,Should be ready by tomorrow base plate and they will dispatch it after receipt balance payment,Dhaval sir,4/26/2026 10:35:34,Open,,,,,
ESC-017,-,Not Found,Not Found,,,Purchase ,L1,Ashvini mane,Not showing actual time in purchase FMS sheet after done the status,Priya / kajal,4/26/2026 10:37:35,Closed,,Formula add ,L1,4/26/2026,
ESC-018,-,Not Found,Not Found,,,Prodcution ,L1,Pravin ,The production schedule has not been prepared yet . ,-,4/27/2026 11:17:30,Closed,,No production work today. Machine resetup under process for B-37. From tomorrow regular production will start. ,L2,4/27/2026,
ESC-018,-,Not Found,Not Found,,,Prodcution ,L2,Pravin ,The production schedule has not been prepared yet . ,-,4/27/2026 11:18:06,Closed,,No production work today. Machine resetup under process for B-37. From tomorrow regular production will start. ,L2,4/27/2026,
ESC-019,KP-409-01,Esmech Equipment Pvt. Ltd. (Narendra Engineering Works),Roll,4,B-37,Admin ,L1,Sonal ,Material received but purchase order pending,"I emailed and called the customer, but they said the purchase order is in process and will take 2 days to complete. Please tell me how to process this job now.",4/28/2026 13:46:24,Closed,,Proceed this job as per DDD,L3,,
ESC-019,KP-409-01,Esmech Equipment Pvt. Ltd. (Narendra Engineering Works),Roll,4,B-37,Admin ,L2,Sonal ,Material received but purchase order pending,-,4/28/2026 14:54:20,Closed,,Proceed this job as per DDD,L3,,
ESC-020,-,Not Found,Not Found,,,Purchase ,L1,Rohit arune ,C-20/4  shishirs cabin having issue of sealan due to  water leakage from upper side washe room due to lokage of water and broken tiles . Needs to broke tiles and do waterproofing . ,2 times waterproofing done from  outside at shsishr room . Today painter comes to see problem again facing . ,4/28/2026 16:02:19,Closed,,do dhanaji washroom work and repair ceiling,L3,4/29/2026,
ESC-021,KP-409-01 & 02,Not Found,Not Found,,,QC,L1,Vaibhav ,As per code Ra given 3 to 4 but In PO Ra req 2.5,-,4/28/2026 17:05:37,Closed,,Sonal madam will mail to customer regarding what Ra valve is required and Vaibhav will also confirm this on call and get customer instructions on the same mail as well.,L1,4/29/2026,
ESC-022,"KP-364-01 , KP-364-02 , KP-364-03 ",Not Found,Not Found,,,CRM,L1,Namrata,"Excel craft 
Job card no. 00107A, 00108A, 00109A
Humane customer ko Quotation & New price list share kiya hai sirf PO ammend karke chahiye but customer ko price acceptable nahi hai.",Calls,4/29/2026 9:29:29,Closed,,New price will be appliable . emai thier CEO the new price List. Mr Ganguly .Also share him PO received from them . Purt CEO in CC . Put Srinivas in TO . request srinivas to ammend and give as per price list ,L3,4/29/2026,
ESC-022,"KP-364-01 , KP-364-02 , KP-364-03 ",Not Found,Not Found,,,CRM,L2,Namrata,"Excel craft 
Job card no. 00107A, 00108A, 00109A
Humane customer ko Quotation & New price list share kiya hai sirf PO ammend karke chahiye but customer ko price acceptable nahi hai.","Material was received on 12th April & Pricelist was shared with the customer on 12th April, valid till June.  Customer is considering the price of Jan'26.",4/29/2026 10:17:30,Closed,,New price will be appliable . emai thier CEO the new price List. Mr Ganguly .Also share him PO received from them . Purt CEO in CC . Put Srinivas in TO . request srinivas to ammend and give as per price list ,L3,4/29/2026,
ESC-020,-,Not Found,Not Found,,,Purchase ,L2,Rohit arune ,C-20/4  shishirs cabin having issue of sealan due to  water leakage from upper side washe room due to lokage of water and broken tiles . Needs to broke tiles and do waterproofing . ,-,4/29/2026 10:19:17,Closed,,do dhanaji washroom work and repair ceiling,L3,4/29/2026,
ESC-020,-,Not Found,Not Found,,,Purchase ,L3,Rohit arune ,C-20/4  shishirs cabin having issue of sealan due to  water leakage from upper side washe room due to lokage of water and broken tiles . Needs to broke tiles and do waterproofing . ,Approval required from Haarsh Sir,4/29/2026 10:27:52,Closed,,do dhanaji washroom work and repair ceiling,L3,4/29/2026,
ESC-022,"KP-364-01 , KP-364-02 , KP-364-03 ",Not Found,Not Found,,,CRM,L3,Namrata,"Excel craft 
Job card no. 00107A, 00108A, 00109A
Humane customer ko Quotation & New price list share kiya hai sirf PO ammend karke chahiye but customer ko price acceptable nahi hai.",-,4/29/2026 10:51:54,Closed,,New price will be appliable . emai thier CEO the new price List. Mr Ganguly .Also share him PO received from them . Purt CEO in CC . Put Srinivas in TO . request srinivas to ammend and give as per price list ,L3,4/29/2026,
ESC-023,.,Not Found,Not Found,,,Spraying ,L1,Prism, Fixtures ,An label to fine,5/2/2026 10:17:05,Open,,,,,
ESC-024,.,Not Found,Not Found,,,Spraying ,L1,Prism,All sulzer fixture were transporter to checker plate and they got mixed up ,I have tried and separated few but still the needed fixture is missing ,5/2/2026 11:47:51,Closed,,"Handover aviabale fixture details to Prism. For Storage, Rack has been order. Spraying and blasting team should handle the fixture as they are the user. If new tagging required they can do with co ordination with QC / QA team.",L2,5/2/2026,
ESC-024,.,Not Found,Not Found,,,Spraying ,L2,Prism,All sulzer fixture were transporter to checker plate and they got mixed up ,-,5/2/2026 14:26:49,Closed,,"Handover aviabale fixture details to Prism. For Storage, Rack has been order. Spraying and blasting team should handle the fixture as they are the user. If new tagging required they can do with co ordination with QC / QA team.",L2,5/2/2026,
ESC-023,.,Not Found,Not Found,,,Spraying ,L2,Prism, Fixtures ,-,5/2/2026 14:27:55,Open,,,,,
ESC-025,-,Not Found,Not Found,,,Quality ,L1,Musawwir,"Need to submitt Pre coating Dwg of Ashapuri and LNT today itself, As for inspection I have sulzer components in total 13 qty i.e 13 PIR need to time for inspection. ",-,5/4/2026 9:46:05,Closed,,Yashraj is not there . MF knows design . Matter will be handled by him in absence of design person . Hands ketch can be made . In the time it has taken to write this comment and reach l3 level hand sketch would have been completed . ,L3,5/4/2026,
ESC-025,-,Not Found,Not Found,,,Quality ,L2,Musawwir,"Need to submitt Pre coating Dwg of Ashapuri and LNT today itself, As for inspection I have sulzer components in total 13 qty i.e 13 PIR need to time for inspection. ",-,5/4/2026 9:49:56,Closed,,Yashraj is not there . MF knows design . Matter will be handled by him in absence of design person . Hands ketch can be made . In the time it has taken to write this comment and reach l3 level hand sketch would have been completed . ,L3,5/4/2026,
ESC-025,-,Not Found,Not Found,,,Quality ,L3,Musawwir,"Need to submitt Pre coating Dwg of Ashapuri and LNT today itself, As for inspection I have sulzer components in total 13 qty i.e 13 PIR need to time for inspection. ",Is quality involve in pri coating drawing ? Why Musawwir is Escalating if sales need drawing they should escalate ,5/4/2026 10:23:01,Closed,,Yashraj is not there . MF knows design . Matter will be handled by him in absence of design person . Hands ketch can be made . In the time it has taken to write this comment and reach l3 level hand sketch would have been completed . ,L3,5/4/2026,
ESC-026,KP-420-01 to KP-321-01 ,Not Found,Not Found,,,CRM,L1,Namrata ,"Material was received from Sulzer Pumps India Pvt. Ltd. on 30/04/2026.
 Pre-inspection was planned for 04/05/2026
However, it has not yet been completed. Hence quotation is not sent to the customer.",Follow up with divya,5/4/2026 12:03:41,Closed,,Do not wait for PIR as the same job with same drawing already done in July to September. Get reference from old quotation. Make necessary change share to customer,L2,5/4/2026,
ESC-026,KP-420-01 to KP-321-01 ,Not Found,Not Found,,,CRM,L2,Namrata ,"Material was received from Sulzer Pumps India Pvt. Ltd. on 30/04/2026.
 Pre-inspection was planned for 04/05/2026
However, it has not yet been completed. Hence quotation is not sent to the customer.",Quotation is not made since pre-inspection is not done & PIR not received.  MF is at C20 today,5/4/2026 12:37:36,Closed,,Do not wait for PIR as the same job with same drawing already done in July to September. Get reference from old quotation. Make necessary change share to customer,L2,5/4/2026,
ESC-027,_,Not Found,Not Found,,,MIS,L1,Priya,Billing & Dispatch FMS - Horizon entries of JC not being done in the 3 hrs inspite of explaining & sharing the details through email dtd. 23/02/2026.,Tried to explain to them again to follow system & do the entries on time,5/4/2026 15:25:27,Open,,,,,
ESC-027,_,Not Found,Not Found,,,MIS,L2,Priya,Billing & Dispatch FMS - Horizon entries of JC not being done in the 3 hrs inspite of explaining & sharing the details through email dtd. 23/02/2026.,"As per B&D department it is not possible for them to the entries within 3 hrs along with the billing & other documentation.  They want to discuss this face to face with Dhaval Sir.  At present Divya is doing the entries after the dispatch is completed, whereas her name is no where in the B&D FMS sheet.",5/4/2026 15:28:42,Open,,,,,
ESC-027,_,Not Found,Not Found,,,MIS,L3,Priya,Billing & Dispatch FMS - Horizon entries of JC not being done in the 3 hrs inspite of explaining & sharing the details through email dtd. 23/02/2026.,-,5/4/2026 15:29:19,Open,,,,,
ESC-028,KP-297-01,KSB Limited,Plunger,1,C20/4,CRM,L1,Namrata ,"KSB Limited : - 
Quality clearance pending.
We have to submit the closure today.",Mail ,5/5/2026 11:36:36,Closed,,"Quality, emailing to customer ",L2,5/5/2026,
ESC-029,KP-424-01,Sulzer Pumps India Pvt Ltd,Cover,1,B-37,CRM ,L1,Namrata ,"Sulzer Pumps India pvt.
We have received 3 Qty Cover but have received Delivery challan only 2.
But customer communicated this over a call : please proceed job ",Mail,5/5/2026 12:00:54,Closed,,We can processed as we have received correct quantity in PO  from customer. Customer will share correct challan soon. Please note that no delivery without correct challan only for that job,L2,5/5/2026,
ESC-030,-,Not Found,Not Found,,,CRM,L1,Namrata,"TOP TUBE (1 qty) material has been sent to the outsource vendor Shree Sainath Electrocote.
Vendor had given a delivery date of 02/05/2026,
but it has still not been received and they are not answering calls.",Call,5/5/2026 12:24:11,Closed,,"It is development project.

Today vendor coming at 4 pm.

You can extend delivery time by 2 weeks",L3,5/5/2026,
ESC-028,KP-297-01,KSB Limited,Plunger,1,C20/4,CRM,L2,Namrata ,"KSB Limited : - 
Quality clearance pending.
We have to submit the closure today.",-,5/5/2026 12:29:08,Closed,,"Quality, emailing to customer ",L2,5/5/2026,
ESC-031,- ,Not Found,Not Found,,,- ,L1,Amruta ,"In the Q2P FMS sheet, the spraying date and time entry is not being recorded for C20; only B37 entries are being captured. So how should we take follow-up for C20?",-,5/5/2026 12:30:53,Closed,,Stop following for same . Arrange to buy three tablets. ,L3,5/5/2026,
ESC-029,KP-424-01,Sulzer Pumps India Pvt Ltd,Cover,1,B-37,CRM ,L2,Namrata ,"Sulzer Pumps India pvt.
We have received 3 Qty Cover but have received Delivery challan only 2.
But customer communicated this over a call : please proceed job ",Management has to take the decision about proceeding with the job without delivery challan or written confirmation from the customer,5/5/2026 12:33:40,Closed,,We can processed as we have received correct quantity in PO  from customer. Customer will share correct challan soon. Please note that no delivery without correct challan only for that job,L2,5/5/2026,
ESC-031,- ,Not Found,Not Found,,,- ,L2,Amruta ,"In the Q2P FMS sheet, the spraying date and time entry is not being recorded for C20; only B37 entries are being captured. So how should we take follow-up for C20?",--,5/5/2026 12:52:59,Closed,,Stop following for same . Arrange to buy three tablets. ,L3,5/5/2026,
ESC-031,- ,Not Found,Not Found,,,- ,L3,Amruta ,"In the Q2P FMS sheet, the spraying date and time entry is not being recorded for C20; only B37 entries are being captured. So how should we take follow-up for C20?",-,5/5/2026 12:54:15,Closed,,Stop following for same . Arrange to buy three tablets. ,L3,5/5/2026,
ESC-030,-,Not Found,Not Found,,,CRM,L2,Namrata,"TOP TUBE (1 qty) material has been sent to the outsource vendor Shree Sainath Electrocote.
Vendor had given a delivery date of 02/05/2026,
but it has still not been received and they are not answering calls.","Tried from different mobile number, no reponse from the vendor",5/5/2026 12:54:21,Closed,,"It is development project.

Today vendor coming at 4 pm.

You can extend delivery time by 2 weeks",L3,5/5/2026,
ESC-032,KP-442-01,Pragati Engineering Works,Sleeve,1,C20/4,Admin ,L1,Sonal Mhatre ,"Pragati Engineering's material has arrived but the purchase order is pending. The customer has weekly off today. They have not given me any response till now. I don't even know the quotation number, so how do I generate a sales order?
","Email, Whatsapp message and Calls to customer",5/5/2026 15:50:41,Closed,,"Please inform to customer quotation validity expired, send new quotation",L1,5/5/2026,
ESC-033,"KP-443-01, KP-444-01, KP-445-01",Not Found,Not Found,,,Admin ,L1,Sonal ,Thakur Engineering's material has been received but the purchase order is pending. The customer is saying that we will give you the purchase order tomorrow. I do not know the quotation number. How do I generate a sales order without quotation?,Email and Calls to customer,5/5/2026 16:21:30,Closed,,Send quotation to customer for shaft  & Check quotation No 5747 for impeller nut,L1,5/5/2026,
ESC-034,KP-328-02,Pragati Engineering Works,Sleeve,3,C20/4,Quality,L1,Musawwir,"1. -  All 3 Sleeves TL found not within range
2. -  Uneven chamfer observed viasually
3. - Small Crack observed on Od in Sr no. 2 Sleeve",-,5/6/2026 12:51:18,Closed,,"Send to customer. I have discussed with customer, chamfer was made to protect coating",L2,5/6/2026,
ESC-034,KP-328-02,Pragati Engineering Works,Sleeve,3,C20/4,Quality,L2,Musawwir,"1. -  All 3 Sleeves TL found not within range
2. -  Uneven chamfer observed viasually
3. - Small Crack observed on Od in Sr no. 2 Sleeve",-,5/6/2026 13:48:58,Closed,,"Send to customer. I have discussed with customer, chamfer was made to protect coating",L2,5/6/2026,
ESC-035,KP-167-16,Raajratna Metal Industries Limited,"20"" Capston",1,B-37,Quality ,L1,Vaibhav ,Pin hole & scratch observe ,Rework pin hole,5/6/2026 15:10:03,Closed,,Photos and reports to share with customer  after approval dispatch ,L2,5/7/2026,
ESC-035,KP-167-16,Raajratna Metal Industries Limited,"20"" Capston",1,B-37,Quality ,L2,Vaibhav ,Pin hole & scratch observe ,Fill pin holes and then Polish,5/6/2026 15:23:47,Closed,,Photos and reports to share with customer  after approval dispatch ,L2,5/7/2026,
ESC-036,KP-406-01,Asseal india Pvt Ltd,320MM CENTRIFUGE SEAL SLEEVE (PLATING),2,C20/4,Quality ,L1,Vaibhav ,In final inspection Dent marks observe on non coating areas ,Try to rectify but condition still same,5/7/2026 12:57:57,Closed,,"As discussed over call, send job to customer. From now every critical customer photo need to store for pri as well as final inspection.",L2,5/7/2026,
ESC-036,KP-406-01,Asseal india Pvt Ltd,320MM CENTRIFUGE SEAL SLEEVE (PLATING),2,C20/4,Quality ,L2,Vaibhav ,In final inspection Dent marks observe on non coating areas ,"1. Pre inspection condition photos are required, as I am not be able to identify prb from pic shared... 

2. Same Inspector should do Final Inspection who has done  pre-inspection irrespective Of Plant for every Jobs

3. Dent can be removed by Polish",5/7/2026 14:03:37,Closed,,"As discussed over call, send job to customer. From now every critical customer photo need to store for pri as well as final inspection.",L2,5/7/2026,
ESC-037,- ,Not Found,Not Found,,,MIS ,L1,Priya,B37 production form is not filled ,I have explained the form to the new Planner.  But he says I don't know where the material is and Sir has told him not to fill any forms,5/7/2026 16:17:32,Closed,,"12:30 - 13:00 - time can use for handover entries 

4:30 - 5:30 with manager . 
Balance as per my schedule ",L3,5/7/2026,
ESC-037,- ,Not Found,Not Found,,,MIS ,L2,Priya,B37 production form is not filled ,Pass to L2,5/7/2026 16:43:42,Closed,,"12:30 - 13:00 - time can use for handover entries 

4:30 - 5:30 with manager . 
Balance as per my schedule ",L3,5/7/2026,
ESC-037,- ,Not Found,Not Found,,,MIS ,L3,Priya,B37 production form is not filled ,pass to L3,5/7/2026 16:59:09,Closed,,"12:30 - 13:00 - time can use for handover entries 

4:30 - 5:30 with manager . 
Balance as per my schedule ",L3,5/7/2026,
ESC-038,- ,Not Found,Not Found,,,Process coordinatior ,L1,Amruta ,"Photo upload is not happening in the Maintenance Sheet C20. Deepak says that no phone is available for uploading photos. The phones of the Quality team, office staff, and Sandeep Sir are usually busy, so they do not give their phones for photo uploads",-,5/9/2026 14:04:23,Closed,,Thermal image scanner gray scale use for now and start,L3,5/9/2026,
ESC-038,- ,Not Found,Not Found,,,Process coordinatior ,L2,Amruta ,"Photo upload is not happening in the Maintenance Sheet C20. Deepak says that no phone is available for uploading photos. The phones of the Quality team, office staff, and Sandeep Sir are usually busy, so they do not give their phones for photo uploads","Checked with Deepak.  He is provided a temperature gun provided to take photos, but pics clicked with the gun are blurr.  ",5/9/2026 14:19:47,Closed,,Thermal image scanner gray scale use for now and start,L3,5/9/2026,
ESC-038,- ,Not Found,Not Found,,,Process coordinatior ,L3,Amruta ,"Photo upload is not happening in the Maintenance Sheet C20. Deepak says that no phone is available for uploading photos. The phones of the Quality team, office staff, and Sandeep Sir are usually busy, so they do not give their phones for photo uploads",-,5/9/2026 14:20:59,Closed,,Thermal image scanner gray scale use for now and start,L3,5/9/2026,
ESC-039,-,Not Found,Not Found,,,MIS,L1,Priya ,"regarding the quality schedule: if the material arrives after 05:30 PM, its entry is done the next morning. Until then, the area remains unfilled, so it does not get reflected in the schedule.",-,5/9/2026 14:38:39,Closed,,when material . if the area is not availkable via exsiting sales order no 1 - check for drawing . 2 - check with customer for reference of quote . 3 - PIR give in case its ulta ganga. then quote will go in two three days. inform this to customer on email within 6 hours.,L3,5/9/2026,
ESC-039,-,Not Found,Not Found,,,MIS,L2,Priya ,"regarding the quality schedule: if the material arrives after 05:30 PM, its entry is done the next morning. Until then, the area remains unfilled, so it does not get reflected in the schedule.",Back office has 6hrs time to cling the quotation. Hence we are finding it difficult to give the area in the pre-inspection schedule where material is received previous evening & early morning.,5/9/2026 14:41:55,Closed,,when material . if the area is not availkable via exsiting sales order no 1 - check for drawing . 2 - check with customer for reference of quote . 3 - PIR give in case its ulta ganga. then quote will go in two three days. inform this to customer on email within 6 hours.,L3,5/9/2026,
ESC-039,-,Not Found,Not Found,,,MIS,L3,Priya ,"regarding the quality schedule: if the material arrives after 05:30 PM, its entry is done the next morning. Until then, the area remains unfilled, so it does not get reflected in the schedule.",-,5/9/2026 14:43:32,Closed,,when material . if the area is not availkable via exsiting sales order no 1 - check for drawing . 2 - check with customer for reference of quote . 3 - PIR give in case its ulta ganga. then quote will go in two three days. inform this to customer on email within 6 hours.,L3,5/9/2026,
ESC-040,-,Not Found,Not Found,,,Maintenance ,L1,Raushan mandal ,Kesor compressor pressor  nahi bana rahe hai ,Sandeep patil ,5/9/2026 15:21:07,Closed,,cavv Repair kit / revision kit order ,L2,5/9/2026,
ESC-041,-,Not Found,Not Found,,,Maintenance ,L1,Raushan mandal ,New air dryer  4 me  mujhe pm me gas licage  Mila hai ,Sandeep Patil ,5/9/2026 15:26:36,Closed,,"order sight glass line ,service engineer instrumentation sight glass ",L2,5/10/2026,
ESC-041,-,Not Found,Not Found,,,Maintenance ,L2,Raushan mandal ,New air dryer  4 me  mujhe pm me gas licage  Mila hai ,-,5/9/2026 16:23:04,Closed,,"order sight glass line ,service engineer instrumentation sight glass ",L2,5/10/2026,
ESC-040,-,Not Found,Not Found,,,Maintenance ,L2,Raushan mandal ,Kesor compressor pressor  nahi bana rahe hai ,-,5/9/2026 16:23:51,Closed,,cavv Repair kit / revision kit order ,L2,5/9/2026,
ESC-042,-,Not Found,Not Found,,,Admin ,L1,Abhishek ,"1. When should I send the JC in B37?
Before Dispatch/After Dispatch 

2. How should I send the Job Card?
Daily Basis/ weekly Basis

3. What about incomplete Job Cards that take more time to fill?
If a Job Card is incomplete, it should I send JC

4. If a JC has a quantity of 2 but only one is dispatched (L&T), can I send the JC in B34?
",None ,5/10/2026 11:44:25,Closed,,"Escalation ESC-042 has been raised by Abhishek for 

1. When should I send the JC in B37?
Before Dispatch/After Dispatch

Ans ; After dispatch

2. How should I send the Job Card?
Daily Basis/ weekly Basis

Ans : Monday , Thursday 

3. What about incomplete Job Cards that take more time to fill?
If a Job Card is incomplete, it should I send JC

Ans: After complete job card received from QC 

4. If a JC has a quantity of 2 but only one is dispatched (L&T), can I send the JC in B34?

Ans: If 2nd qty in process then Return job card to quality department 
",L1,5/10/2026,
ESC-043,-,Not Found,Not Found,,,Process coordinator,L1,Amruta ,"IR & CC Sheet – I take follow-up of this sheet with Parshuram Sir. Sometimes there is a delay in receiving the job card from his side due to corrective action, preventive action, and root cause analysis. Because of this, there is occasionally a delay in updating the sheet as well.

If I add “Department Name” and “Operator Name” columns in the Internal Rejection and Customer Rejection sheet, I will be able to directly follow up with the operator from the concerned department where the issue has occurred. This will help the root cause information to be communicated quickly to the next department team leader. As a result, the information can also reach Parshuram Sir on time.",-,5/11/2026 15:18:08,Closed,,"It was noted that the IR has been submitted on time. Regarding the CC, please ensure the following process is followed: the office, QA, or QC department will handover the job card to the operator after receiving the material, including the specific complaint details.

Ask Parshuram filled.",L2,5/11/2026,
ESC-043,-,Not Found,Not Found,,,Process coordinator,L2,Amruta ,"IR & CC Sheet – I take follow-up of this sheet with Parshuram Sir. Sometimes there is a delay in receiving the job card from his side due to corrective action, preventive action, and root cause analysis. Because of this, there is occasionally a delay in updating the sheet as well.

If I add “Department Name” and “Operator Name” columns in the Internal Rejection and Customer Rejection sheet, I will be able to directly follow up with the operator from the concerned department where the issue has occurred. This will help the root cause information to be communicated quickly to the next department team leader. As a result, the information can also reach Parshuram Sir on time.",Adding the operator name & deparment can be done to expidite the logging procedure via timely follow up.  Request DDD's approval.,5/11/2026 15:38:02,Closed,,"It was noted that the IR has been submitted on time. Regarding the CC, please ensure the following process is followed: the office, QA, or QC department will handover the job card to the operator after receiving the material, including the specific complaint details.

Ask Parshuram filled.",L2,5/11/2026,
ESC-044,-,Not Found,Not Found,,,Quality ,L1,Shisir ,Q2P List not opening on My Tab.Showing error ,-,5/12/2026 10:32:30,Open,,,,,
ESC-045,-,Not Found,Not Found,,,Office ,L1,Snehalata swain ,As no person is present in scanning dept. The pending work is getting delayed which impacts my score , -,5/12/2026 11:37:12,Closed,,Person on re-joining will complete the all the pending scaning & filling work till that date.,L1,5/12/2026,
ESC-046,-,Not Found,Not Found,,,Quality,L1,Musawwir,MOC not required for every client hence wanted to remove it from Pir and Only to be Include for few Clients only ,-,5/12/2026 11:58:31,Open,,,,,
ESC-046,-,Not Found,Not Found,,,Quality,L2,Musawwir,MOC not required for every client hence wanted to remove it from Pir and Only to be Include for few Clients only ,-,5/12/2026 12:06:07,Open,,,,,
ESC-046,-,Not Found,Not Found,,,Quality,L3,Musawwir,MOC not required for every client hence wanted to remove it from Pir and Only to be Include for few Clients only ,For shaft and ID coating  job MOC required to select process.,5/12/2026 12:08:05,Open,,,,,
ESC-047,KP-469,Not Found,Not Found,,,Admin ,L1,Sonal ,"Pragati Engineering's material has arrived but they have not mentioned any details in the delivery challan and the purchase order is also pending... The customer is saying that I will give the details tomorrow as today is our weekly off. So how to process the job in this situation... I am facing problem in generating sales order
",Email and Call to customer,5/12/2026 12:32:42,Closed,,WAIT FOR DETAILS ONCE RECEIVED FROM CUSTOMER YOU CAN START FURTHER PROCESS,L1,5/12/2026,
ESC-048,KP-481-01,Narendra Engineering Works,Roll,2,C20/4,Admin ,L1,Sonal ,The material of Esmech company has been received from Narendra Engineering but the Delivery challan & Purchase order of Esmech company is pending but Esmech customer is saying that there is a process of 2 days for DC & PO... DC & PO details will be available after 2 days. How to create a sales order without a purchase order right now. ,Email & Call to Customer,5/14/2026 9:48:15,Closed,,"as per Haarsh Sir instruction , please start further process",L1,5/14/2026,
ESC-049,-,Not Found,Not Found,,,Maintenance ,L1,Raushan,Greet recovery  main belt problem  tutne bale hai ,Tell to sandeep ,5/18/2026 16:06:05,Closed,,"belt in stock, belt replaces 20/6/2026 6month machine overhauling",L1,5/18/2026,
ESC-050,"KP-462-01, 463-01, 464-01",Not Found,Not Found,,,Admin ,L1,Sonal ,Universal Engineer's material has been received... The customer has placed an open purchase order... The rate mentioned in it has December 2027 validity... But Haarsh and Dhaval Sir said that the rate is not valid for us yet... But till now I have not received any official confirmation on this subject.,Waiting for final approval from Haarsh Sir ,5/18/2026 17:01:48,Closed,,"As per haarsh Sir, instruction, please inform to customer for this lot old rate is accepted & for next lot new rates aplicable",L1,5/18/2026,
ESC-051,KP-417-01,Shree Asiatic Industries,Iron Drum Block,1,C20/4,Process cordinator ,L1,Amruta,"I take daily follow-up for {11439A Corrective and Preventive Action Quality} , but they are still not fil.",-,5/19/2026 10:39:38,Closed,,Discussed with DDD & closed,L1,5/19/2026,
ESC-052,-,Not Found,Not Found,,,Process cordinator ,L1,Amruta, BATL customer  not responding ,Send  multiplal emails,5/19/2026 11:35:06,Closed,,Incomplete information,L1,5/19/2026,
ESC-053,- ,Not Found,Not Found,,,CRM,L1,Amruta ,"We have received 2 Nos. HPC Casing in April 2025 and already received approval from GTRE for Powder 307NS. All properties have been approved except hardness testing, which could not be completed as only half-round coupons were submitted. Additional coupons are now required for hardness testing.

Further, 204NS is already approved by GTRE for the Kaveri Project, and they are ready to accept the same approval for job validation. We require samples for the same . Job validation coating will be carried out along with the actual job.

For the required samples, we have been continuously following up with BATL since August 2025 through ","multiple emails and phone calls, but we have not received any response from the customer.",5/19/2026 12:08:13,Open,,,,,
ESC-053,- ,Not Found,Not Found,,,CRM,L2,Amruta ,"We have received 2 Nos. HPC Casing in April 2025 and already received approval from GTRE for Powder 307NS. All properties have been approved except hardness testing, which could not be completed as only half-round coupons were submitted. Additional coupons are now required for hardness testing.

Further, 204NS is already approved by GTRE for the Kaveri Project, and they are ready to accept the same approval for job validation. We require samples for the same . Job validation coating will be carried out along with the actual job.

For the required samples, we have been continuously following up with BATL since August 2025 through ",Escalated to next level - DDD,5/19/2026 12:10:15,Open,,,,,
ESC-053,- ,Not Found,Not Found,,,CRM,L3,Amruta ,"We have received 2 Nos. HPC Casing in April 2025 and already received approval from GTRE for Powder 307NS. All properties have been approved except hardness testing, which could not be completed as only half-round coupons were submitted. Additional coupons are now required for hardness testing.

Further, 204NS is already approved by GTRE for the Kaveri Project, and they are ready to accept the same approval for job validation. We require samples for the same . Job validation coating will be carried out along with the actual job.

For the required samples, we have been continuously following up with BATL since August 2025 through ",-,5/19/2026 12:10:29,Open,,Quarantine - Email reminder to be sent to customer very 15 days . Letter by speed post to be sent to customers requesting samples . Kindly provide concerned persons name and number to whom letter will be sent . ,,,
ESC-054,-,Not Found,Not Found,,,Maintenance ,L1,Jayesh,Have filled requisition for some materials on 16-4-26 but haven't received any,-,5/20/2026 10:22:54,Open,,,,,
ESC-055,-,Not Found,Not Found,,,QA,L1,Parshuram ,CAPA required from (SALES )for NC-01 recieved in AS9100 internal audit.,NC report of hardcopy and softcopy handovered to team leader jitendra kahar due to absence of ranjana jaiswal. Still capa not received. ,5/20/2026 12:37:04,Closed,,"Corrective - inform cRM to call/ email  below customer  Rajratna . Neihoff . Shree Durga . Excel craft . 

Preventive - 1. scan code to be stuck on packing boxes or put on envelope .  2. Review to do at end of monthly and collect feedback based on dispatches done . 100 percent for new customers . Old customer 1-2 . Min 2 feedback every month .

Who - CRm ( Amruta ) / Priya . ( at end of moth )
Who - box scan sticking - packing walla for box / office wala for envelope ( Vaishnavi / Ritali ) 
When -  at time of dispatch . For packing walla . For office walla . At time of dispatch . 

How - physically / call / email as applicable ",L3,5/20/2026,
ESC-055,-,Not Found,Not Found,,,QA,L2,Parshuram ,CAPA required from (SALES )for NC-01 recieved in AS9100 internal audit.,ignore ,5/20/2026 12:39:18,Closed,,"Corrective - inform cRM to call/ email  below customer  Rajratna . Neihoff . Shree Durga . Excel craft . 

Preventive - 1. scan code to be stuck on packing boxes or put on envelope .  2. Review to do at end of monthly and collect feedback based on dispatches done . 100 percent for new customers . Old customer 1-2 . Min 2 feedback every month .

Who - CRm ( Amruta ) / Priya . ( at end of moth )
Who - box scan sticking - packing walla for box / office wala for envelope ( Vaishnavi / Ritali ) 
When -  at time of dispatch . For packing walla . For office walla . At time of dispatch . 

How - physically / call / email as applicable ",L3,5/20/2026,
ESC-055,-,Not Found,Not Found,,,QA,L3,Parshuram ,CAPA required from (SALES )for NC-01 recieved in AS9100 internal audit.,-,5/20/2026 12:39:40,Closed,,"Corrective - inform cRM to call/ email  below customer  Rajratna . Neihoff . Shree Durga . Excel craft . 

Preventive - 1. scan code to be stuck on packing boxes or put on envelope .  2. Review to do at end of monthly and collect feedback based on dispatches done . 100 percent for new customers . Old customer 1-2 . Min 2 feedback every month .

Who - CRm ( Amruta ) / Priya . ( at end of moth )
Who - box scan sticking - packing walla for box / office wala for envelope ( Vaishnavi / Ritali ) 
When -  at time of dispatch . For packing walla . For office walla . At time of dispatch . 

How - physically / call / email as applicable ",L3,5/20/2026,
ESC-056,KP-457-01,KSB Limited,Plunger,3,B-37,Quality,L1,Musawwir,"KSB plungers qty 3 nos threading operation is pending, customer requires delivery today.",-,5/26/2026 11:35:07,Closed,,Inform customer that gauge will be only available on Thursday . As per that we will dispatch calculating dispatch time ,,,
ESC-056,KP-457-01,KSB Limited,Plunger,3,B-37,Quality,L2,Musawwir,"KSB plungers qty 3 nos threading operation is pending, customer requires delivery today.",-,5/26/2026 11:36:09,Closed,,Inform customer that gauge will be only available on Thursday . As per that we will dispatch calculating dispatch time ,,,
ESC-056,KP-457-01,KSB Limited,Plunger,3,B-37,Quality,L3,Musawwir,"KSB plungers qty 3 nos threading operation is pending, customer requires delivery today.","My and Haarsh Sir opinion, tell customer the truth. Thread gauge not available. ",5/26/2026 11:39:54,Closed,,Inform customer that gauge will be only available on Thursday . As per that we will dispatch calculating dispatch time ,,,
ESC-057,KP-470-01,Apollo Tyres Ltd.,TBR TBM Body PLY Cutter ,1,C20/4,Admin ,L1,Abhishek ,Apollo tyres material received from Apollo chittur when it come to dispatch box lebal given wrong from B37 team now ut goes to Apollo kanchipuram ,Cordinate to DTDC and Reroute the material and send to chittur ,5/27/2026 17:11:35,Open,,,,,
ESC-058,KP-474-01,Kalapi Engineering Associates Pvt. Ltd,(RC26-0815),1,C20/4,Quality,L1,Musawwir,"1.Coating area Unclean observed adjacent to abse metal
2. Tool marks Observed on Base metal
3. Light Sepration Line Observed on Coating area",Tried to remove it by File and polish,5/30/2026 14:02:23,Closed,,Dispatch...... as shaft is unfinished...... it will clear in final grinding,L2,5/30/2026,
ESC-058,KP-474-01,Kalapi Engineering Associates Pvt. Ltd,(RC26-0815),1,C20/4,Quality,L2,Musawwir,"1.Coating area Unclean observed adjacent to abse metal
2. Tool marks Observed on Base metal
3. Light Sepration Line Observed on Coating area",-,5/30/2026 14:08:50,Closed,,Dispatch...... as shaft is unfinished...... it will clear in final grinding,L2,5/30/2026,
ESC-059,KP-454-04,PINNACLE ENGINEERING,Retainer,1,C20/4,QC,L1,jagannath ,Chipoff / Unclean area observed on chamfer ,-,5/31/2026 14:15:36,Closed,,As per surface finish mentioned in Drg it is accepted,L1,5/31/2026,
ESC-060,KP-454-01,PINNACLE ENGINEERING,Sleeve,1,C20/4,QC,L1,jagannath,0.01 observed in od dimensions,-,5/31/2026 14:31:44,Closed,,If wall thickness is withing +- 0.01 mm ....... material is clear for next process,L2,6/1/2026,
ESC-061,KP-454-03,PINNACLE ENGINEERING,Sleeve,1,C20/4,QC,L1,jagannath,spots observed on chamfer area,-,5/31/2026 14:33:29,Closed,,As per surface finish mentioned in Drg it is accepted,L1,5/31/2026,
ESC-062,KP-454-01,PINNACLE ENGINEERING,Sleeve,1,C20/4,QC,L1,jagannath,0.01+  on od dimensions,-,5/31/2026 15:38:43,Open,,,,,
ESC-063,-,Not Found,Not Found,,,QA,L1,Laxmi,"All documents have the new logo, except the HORIZON (SQL).", told Jitendra sir many times,5/31/2026 15:45:55,Open,,,,,
ESC-060,KP-454-01,PINNACLE ENGINEERING,Sleeve,1,C20/4,QC,L2,jagannath,0.01 observed in od dimensions,Wall thk to be checked,5/31/2026 16:37:21,Closed,,If wall thickness is withing +- 0.01 mm ....... material is clear for next process,L2,6/1/2026,
ESC-064,KP-538-01/09,Not Found,Not Found,,,QA,L1,Laxmi,"Azad Engg samples were received on 30/05/2026, and the inspection date is 01/06/2026. The samples were received without preparation and need to be outsourced for processing. This activity will require additional time before inspection can be completed.",sending the samples for outsourcing preparation.,6/1/2026 14:08:35,Closed,,two times inspection . once in Q2P . second time in outsorucing . by same inspector . this way TAT is clear,L3,6/2/2026,
ESC-065,-,Not Found,Not Found,,,HR,L1,Supriya Apankar ,"As the HR person is absent, who will handle the work for the day?",The present HR can handle the work on behalf of the absent HR.,6/2/2026 10:58:00,Closed,,supriya to handle for 2 days,L3,6/2/2026,
ESC-065,-,Not Found,Not Found,,,HR,L2,Supriya Apankar ,"As the HR person is absent, who will handle the work for the day?",-,6/2/2026 10:59:53,Closed,,supriya to handle for 2 days,L3,6/2/2026,
ESC-065,-,Not Found,Not Found,,,HR,L3,Supriya Apankar ,"As the HR person is absent, who will handle the work for the day?",-,6/2/2026 11:00:08,Closed,,supriya to handle for 2 days,L3,6/2/2026,
ESC-064,KP-538-01/09,Not Found,Not Found,,,QA,L2,Laxmi,"Azad Engg samples were received on 30/05/2026, and the inspection date is 01/06/2026. The samples were received without preparation and need to be outsourced for processing. This activity will require additional time before inspection can be completed.",-,6/2/2026 14:24:18,Closed,,two times inspection . once in Q2P . second time in outsorucing . by same inspector . this way TAT is clear,L3,6/2/2026,
ESC-064,KP-538-01/09,Not Found,Not Found,,,QA,L3,Laxmi,"Azad Engg samples were received on 30/05/2026, and the inspection date is 01/06/2026. The samples were received without preparation and need to be outsourced for processing. This activity will require additional time before inspection can be completed.",-,6/2/2026 14:24:30,Closed,,two times inspection . once in Q2P . second time in outsorucing . by same inspector . this way TAT is clear,L3,6/2/2026,
ESC-066,KP-525-01,Kalapi Engineering Associates Pvt. Ltd,Shaft ( RC26-1729 ),2,C20/4,QC,L1,Musawwir,White colour portion observed in one of the coating area,Shaft is As sprayed it could clear at customer end during Grinding,6/4/2026 9:54:55,Closed,,Fume marks..... dispatch ,L2,6/4/2026,
ESC-066,KP-525-01,Kalapi Engineering Associates Pvt. Ltd,Shaft ( RC26-1729 ),2,C20/4,QC,L2,Musawwir,White colour portion observed in one of the coating area,-,6/4/2026 10:03:29,Closed,,Fume marks..... dispatch ,L2,6/4/2026,
ESC-067,KP-477-01,Gear Master Engineering Corporation,Shaft,25,C20/4,Qality Department,L1,jagannath,#ERROR!,_,6/4/2026 15:02:24,Open,,,,,
ESC-067,KP-477-01,Gear Master Engineering Corporation,Shaft,25,C20/4,Qality Department,L2,jagannath,#ERROR!,shaft with dim. +0.01 to be polished and size to be maintained for shaft -0.01 escalarting further,6/4/2026 15:05:37,Open,,,,,
ESC-068,KP-521-01,Nilpeter india pvt ltd,Roll,16,B-37,Quality,L1,Musawwir,"Visual Isssues
1. White Colour Edges
2. Several spots and Patches observed on coating
3. ID chamfer damaged in 2 nos of Rollers",-,6/4/2026 15:20:15,Closed,,4  nos colour difference...... respray,L2,6/6/2026,
ESC-068,KP-521-01,Nilpeter india pvt ltd,Roll,16,B-37,Quality,L2,Musawwir,"Visual Isssues
1. White Colour Edges
2. Several spots and Patches observed on coating
3. ID chamfer damaged in 2 nos of Rollers",-,6/4/2026 15:21:34,Closed,,4  nos colour difference...... respray,L2,6/6/2026,
ESC-069,"KP-551-01, 02,03",Not Found,Not Found,,,Admin ,L1,Sonal ,Material of Kalapi Engineering has been received.... Customer is saying that this rework is of PSP and said that I will email you our Kalapi report... Customer has sent the material without email and without any official statement...,Emails & Calls to customer,6/4/2026 17:10:19,Open,,,,,
ESC-070,KP-553-01,EagleBurgmann India Pvt. Ltd.,Face Housing ,2,C20/4,Admin ,L1,Abhishek ,Eagle face housing job ready for dispatch but not confirm Chargeable or FOC,-,6/7/2026 13:20:44,Open,,,,,
ESC-071,-,Not Found,Not Found,,,QC Dept ,L1,Shisir Kumar Jena ,"Yesterday I completed some job pre-inspection and also filled the Google form of all those jobs but instead of doing something, it is still showing in the dashboard, meaning it is not showing as done yet, please check the Google form of all those jobs and update it in real time, otherwise unnecessary delay and schedule will be given to my name in it.",Yesterday I called Priya madam to update and today I have called Nisha madam also.,6/8/2026 10:09:54,Closed,,Please scan the code do MIS system related ticket. Once this is done the team of MIs will resolve this . This is system related and not job specific so for such nature of problems use MIS system issue scanner . ,L3,6/8/2026,
ESC-071,-,Not Found,Not Found,,,QC Dept ,L2,Shisir Kumar Jena ,"Yesterday I completed some job pre-inspection and also filled the Google form of all those jobs but instead of doing something, it is still showing in the dashboard, meaning it is not showing as done yet, please check the Google form of all those jobs and update it in real time, otherwise unnecessary delay and schedule will be given to my name in it.","The dashboard is not updated since the assigned formula has ended and it needs to be draged down. For doing the same, MIS team is not having the editor access to PIR FMS Sheet.  Request access from Dhaval Sir.",6/8/2026 10:13:45,Closed,,Please scan the code do MIS system related ticket. Once this is done the team of MIs will resolve this . This is system related and not job specific so for such nature of problems use MIS system issue scanner . ,L3,6/8/2026,
ESC-072,-,Not Found,Not Found,,,CRM,L1,Hemangi,Need access for outsourcing sheet for updating data,-,6/8/2026 11:27:18,Closed,,Please provide a Help Slip in this regard,L1,6/8/2026,
ESC-071,-,Not Found,Not Found,,,QC Dept ,L3,Shisir Kumar Jena ,"Yesterday I completed some job pre-inspection and also filled the Google form of all those jobs but instead of doing something, it is still showing in the dashboard, meaning it is not showing as done yet, please check the Google form of all those jobs and update it in real time, otherwise unnecessary delay and schedule will be given to my name in it.",MIS need to resolved,6/8/2026 16:08:23,Closed,,Please scan the code do MIS system related ticket. Once this is done the team of MIs will resolve this . This is system related and not job specific so for such nature of problems use MIS system issue scanner . ,L3,6/8/2026,
ESC-073,KP-449-01,Azad Engineering Ltd,Button,2,C20/4,Crm,L1,Hemangi,"Azad's Material dispatched through BLUE Dart courier by MECPI shows delivered to our Gate on 3/6/26 3:36pm, but Material is not received at our end till now.  Customer wants to arrange pickup of their material.","KP-449-02, KP-449-03 (including this kp no also) docket no bluedart  17925213121 contacted to customer care and logged complaint on 4th june taking followups for the update ",6/8/2026 16:08:27,Closed,,Put an official email to customer service mentioning complaint number and indetail problem we have face.,L2,6/8/2026,
ESC-073,KP-449-01,Azad Engineering Ltd,Button,2,C20/4,Crm,L2,Hemangi,"Azad's Material dispatched through BLUE Dart courier by MECPI shows delivered to our Gate on 3/6/26 3:36pm, but Material is not received at our end till now.  Customer wants to arrange pickup of their material.","In touch with Blue Dart since Thursday, but haven't received the material or any satisfactory feedback from the courier.  Customer wants to arrange for pickup of their material",6/8/2026 16:19:51,Closed,,Put an official email to customer service mentioning complaint number and indetail problem we have face.,L2,6/8/2026,
ESC-074,-,Not Found,Not Found,,,MIS,L1,Kajal,Dummy please ignore ,-,6/9/2026 13:01:23,Open,,,,,
ESC-075,"KP-551-01, KP-551-02,  KP-551-03 ",Not Found,Not Found,,,Process cordinator ,L1,Amruta ,"The rework sheet (Kalapi Eng.) has still not been updated, even after following up for the last 3–4 days.",3- 4 days followup,6/9/2026 14:10:45,Closed,,Abhishek will get the details from quality & try to fill the data by EOD,L1,6/9/2026,
ESC-076,KP-561-01 KP-561-02,Not Found,Not Found,,,process cordinator ,L1,amruta ,"The rework sheet (SVAL) has still not been updated, even after following up for the last 3-4 days.",3-4 days followup ,6/9/2026 14:13:20,Closed,,"Spoke to Abhishek, he will try to  update the files by EOD",L1,6/9/2026,
ESC-077,. ,Not Found,Not Found,,,Spraying ,L1,Prism,"Job card  and Sparying dashboard  with different  kp no mention
Job card worang  parameters mention 
", Informa to office ,6/9/2026 16:18:31,Open,,,,,
ESC-078,KP-559-01,EagleBurgmann India Pvt. Ltd.,Sleeve,1,C20/4,CRM,L1,Hemangi chandanshive,Not yet delivered delivery was planned on Monday ,Followup internally ,6/10/2026 9:48:12,Open,,Shift Issue Meeting,L3,,
ESC-078,KP-559-01,EagleBurgmann India Pvt. Ltd.,Sleeve,1,C20/4,CRM,L1,Hemangi chandanshive,Not yet delivered delivery was planned on Monday ,Followup internally ,6/10/2026 9:48:12,Open,,Shift Issue Meeting,L3,,
ESC-078,KP-559-01,EagleBurgmann India Pvt. Ltd.,Sleeve,1,C20/4,CRM,L3,Hemangi chandanshive,Not yet delivered delivery was planned on Monday ,-,6/10/2026 10:18:36,Open,,Shift Issue Meeting,L3,,
ESC-079,KP-572-02 KP-572-03 KP-572-04 ,Not Found,Not Found,,,Process cordinator ,L1,Amruta ,"The following items were scheduled on 07/06/2026:
 Flat (3),
 Button (3), 
and Cylinder (6)

 for Godrej & Boyce Mfg. Co. Ltd. However, the work was not completed on that date. It was scheduled again on 08/06/2026, but still remained incomplete. The schedule has been continuing for 3 consecutive days, yet the work has not been completed.","I had taken a follow-up for the Godrej sample, but it was not completed on the scheduled date.",6/10/2026 10:36:39,Open,,Ok . Today inspection will be completed . So matter closed ,L3,,
ESC-079,KP-572-02 KP-572-03 KP-572-04 ,Not Found,Not Found,,,Process cordinator ,L2,Amruta ,"The following items were scheduled on 07/06/2026:
 Flat (3),
 Button (3), 
and Cylinder (6)

 for Godrej & Boyce Mfg. Co. Ltd. However, the work was not completed on that date. It was scheduled again on 08/06/2026, but still remained incomplete. The schedule has been continuing for 3 consecutive days, yet the work has not been completed.","Checked with Laxmi.  Since she was busy with Buckhart Audit response documentation & customer visits, could not complete the inspection.  She has confirmed to completed it today as early as possible.",6/10/2026 10:39:38,Open,,Ok . Today inspection will be completed . So matter closed ,L3,,
ESC-080,KP-573-01 KP-573-02 KP-573-03,Not Found,Not Found,,,Process cordinator ,L1,amruta ,"The following items were scheduled on 07/06/2026:
 Cylinder (6)
Button (3)
Flat (3) 

 for Godrej & Boyce Mfg. Co. Ltd. However, the work was not completed on that date. It was scheduled again on 08/06/2026, but still remained incomplete. The schedule has been continuing for 3 consecutive days, yet the work has not been completed."," I had taken a follow-up for the Godrej sample, but it was not completed on the scheduled date.",6/10/2026 10:40:00,Closed,,Ok . Today inspection will be completed . So matter closed ,L3,6/10/2026,
ESC-080,KP-573-01 KP-573-02 KP-573-03,Not Found,Not Found,,,Process cordinator ,L2,amruta ,"The following items were scheduled on 07/06/2026:
 Cylinder (6)
Button (3)
Flat (3) 

 for Godrej & Boyce Mfg. Co. Ltd. However, the work was not completed on that date. It was scheduled again on 08/06/2026, but still remained incomplete. The schedule has been continuing for 3 consecutive days, yet the work has not been completed.","Since Laxmi was busy with audit documents & customer visit, she could not complete the inspection within the schedule.  She has confirmed to complete it today.",6/10/2026 10:44:08,Closed,,Ok . Today inspection will be completed . So matter closed ,L3,6/10/2026,
ESC-081,10403B ,Not Found,Not Found,,,process cordinator ,L1,Amruta ,The corrective and preventive action (Production) for the Customer Complaint FMS Sheet – Sri Venkateswara Aerospace is still pending ,Daily follow-up was taken with Laxmi Mam..,6/10/2026 10:52:00,Closed,,"Since job card was not made available, the CAPA from production side is pending.  Job card is made available now for CAPA to be filled.",L1,6/10/2026,
ESC-080,KP-573-01 KP-573-02 KP-573-03,Not Found,Not Found,,,Process cordinator ,L3,amruta ,"The following items were scheduled on 07/06/2026:
 Cylinder (6)
Button (3)
Flat (3) 

 for Godrej & Boyce Mfg. Co. Ltd. However, the work was not completed on that date. It was scheduled again on 08/06/2026, but still remained incomplete. The schedule has been continuing for 3 consecutive days, yet the work has not been completed.",-,6/10/2026 10:56:10,Closed,,Ok . Today inspection will be completed . So matter closed ,L3,6/10/2026,
ESC-082,. ,Not Found,Not Found,,,Spraying ,L1,Prism,"Matrial  requisition made on April but haven't  received till date
2 months daily ",Inform to  store keeper many times,6/10/2026 11:11:54,Closed,,New requisition to be made,L2,6/10/2026,
ESC-082,. ,Not Found,Not Found,,,Spraying ,L2,Prism,"Matrial  requisition made on April but haven't  received till date
2 months daily ",-,6/10/2026 11:41:37,Closed,,New requisition to be made,L2,6/10/2026,
ESC-083,-,Not Found,Not Found,,,Quality,L1,Musawwir,Unable to mention JCN in kalapi Impeller wear rings Reports as JCN not generated yet ,-,6/10/2026 16:57:44,Closed,,Ask Sonal or Ranjana to create SO number,L2,6/10/2026,
ESC-083,-,Not Found,Not Found,,,Quality,L2,Musawwir,Unable to mention JCN in kalapi Impeller wear rings Reports as JCN not generated yet ,-,6/10/2026 16:58:37,Closed,,Ask Sonal or Ranjana to create SO number,L2,6/10/2026,
ESC-084,KP-585-01,Manugraph India Ltd Unit no -1,Draw Ring,12,C20/4,Quality ,L1,Shisir Kumar Jena ,Still we didn't have received Manugraph PIR from Admin department. This is a Vip case material. ,"We had gone to the office to ask for PIR, but neither Sonal Madam nor Ranjhana Madam had come, hence we have asked for PIR from Abhishek also.",6/11/2026 10:44:35,Open,,,,,
ESC-085,. ,Not Found,Not Found,,,Sparying ,L1,Prism,We have informed store person at 2.00 pm today that 101 powder is not available in b37 so kindly arrange powder from c20. It's 4.55 now but still we haven't received the powder yet. Job is ideal ,Informed to store keeper ,6/11/2026 16:55:44,Closed,,Powder received ,L2,6/11/2026,
ESC-085,. ,Not Found,Not Found,,,Sparying ,L2,Prism,We have informed store person at 2.00 pm today that 101 powder is not available in b37 so kindly arrange powder from c20. It's 4.55 now but still we haven't received the powder yet. Job is ideal ,-,6/11/2026 16:57:16,Closed,,Powder received ,L2,6/11/2026,
ESC-086,-,Not Found,Not Found,,,CRM,L1,Hemangi chandanshive,"Customer wants delivery on 15th June because Indian navy admiral visiting L&T kindly request give the best delivery date. 

We have not received delivery Challan we request customer to kindly send delivery Challan ",We have request for delivery Challan by phone and email till Monday we will receive delivery Challan ,6/13/2026 9:40:18,Closed,,Material entry challan to be done check with Jitendra and stsrt the process ,L3,6/13/2026,
ESC-086,-,Not Found,Not Found,,,CRM,L2,Hemangi chandanshive,"Customer wants delivery on 15th June because Indian navy admiral visiting L&T kindly request give the best delivery date. 

We have not received delivery Challan we request customer to kindly send delivery Challan ",Can we use the Delivery challan received from the manufacturer for our internal purpose for the timebeing as they require 2 pcs urgently,6/13/2026 10:34:58,Closed,,Material entry challan to be done check with Jitendra and stsrt the process ,L3,6/13/2026,
ESC-087,-,Not Found,Not Found,,,proocess cordinator ,L1,amruta ,"I am taking daily follow-up on the Internal Rejection Complaint and Customer Complaint Sheet with Laxmi Ma’am, Production, and Quality teams. The Production and Quality teams are regularly sharing photographs, and I am also collecting the photos from them and forwarding them to Laxmi Ma’am on a timely basis. Even though the photos and updates are being shared regularly, the sheet is still not being updated. ",Daily follow-up was taken with Laxmi Mam..,6/13/2026 10:37:17,Closed,,MIS to complete this entry .  From Priya ,L3,6/13/2026,
ESC-087,-,Not Found,Not Found,,,proocess cordinator ,L2,amruta ,"I am taking daily follow-up on the Internal Rejection Complaint and Customer Complaint Sheet with Laxmi Ma’am, Production, and Quality teams. The Production and Quality teams are regularly sharing photographs, and I am also collecting the photos from them and forwarding them to Laxmi Ma’am on a timely basis. Even though the photos and updates are being shared regularly, the sheet is still not being updated. ",Laxmi Madam is not getting sufficient time to update the files.  She will try to do it today.,6/13/2026 12:52:31,Closed,,MIS to complete this entry .  From Priya ,L3,6/13/2026,
ESC-086,-,Not Found,Not Found,,,CRM,L3,Hemangi chandanshive,"Customer wants delivery on 15th June because Indian navy admiral visiting L&T kindly request give the best delivery date. 

We have not received delivery Challan we request customer to kindly send delivery Challan ",-,6/13/2026 13:05:43,Closed,,Material entry challan to be done check with Jitendra and stsrt the process ,L3,6/13/2026,
ESC-087,-,Not Found,Not Found,,,proocess cordinator ,L3,amruta ,"I am taking daily follow-up on the Internal Rejection Complaint and Customer Complaint Sheet with Laxmi Ma’am, Production, and Quality teams. The Production and Quality teams are regularly sharing photographs, and I am also collecting the photos from them and forwarding them to Laxmi Ma’am on a timely basis. Even though the photos and updates are being shared regularly, the sheet is still not being updated. ",-,6/13/2026 13:05:55,Closed,,MIS to complete this entry .  From Priya ,L3,6/13/2026,
ESC-088,KP-598-01,Ketki Dies & Tools PVT. LTD. ,Connecting Rod Bucket Actuator,4,C20/4,Quality dept,L1,Shisir Kumar Jena ,"Challan also came along with the material but that day the security did not handover the challan to the office due to which we did not get any data of the material for inspection, because we did not get any data of it in the daily schedule nor in the dashboard. And today it is showing delay in inspection in my name.",We have escalated ,6/13/2026 14:27:13,Closed,,"This problem occurred due to frequent change in security personnel. instructed Sudam the following.
1. Change in Security Guard, it is his responsibility to check if any material comes in, the challan is scanned and copies of the same is distributed.
2. any material lying in packed condition for more than 4 hours, he has to inform in the office either Sonal/Ranjana/Jitu to take further action.",L2,6/13/2026,
ESC-088,KP-598-01,Ketki Dies & Tools PVT. LTD. ,Connecting Rod Bucket Actuator,4,C20/4,Quality dept,L2,Shisir Kumar Jena ,"Challan also came along with the material but that day the security did not handover the challan to the office due to which we did not get any data of the material for inspection, because we did not get any data of it in the daily schedule nor in the dashboard. And today it is showing delay in inspection in my name.","1.  Security has to submitt challan on the same day.

2.  If Packing Dept haven't got any challan they need to escalate the matter on the same     
      time as well as informing the office persons and security.

3.  Inspection Deadlines to be revised  for this particular job if possible or else absorb the
      delay and makeup the lost time in other process so Dispatch can be done on time. ",6/13/2026 14:58:32,Closed,,"This problem occurred due to frequent change in security personnel. instructed Sudam the following.
1. Change in Security Guard, it is his responsibility to check if any material comes in, the challan is scanned and copies of the same is distributed.
2. any material lying in packed condition for more than 4 hours, he has to inform in the office either Sonal/Ranjana/Jitu to take further action.",L2,6/13/2026,
ESC-089,KP-167-14,Raajratna Metal Industries Limited,"10"" Capston",2,B-37,Qc,L1,Vaibhav,Radius 1 not properly match ,Rework ,6/13/2026 15:14:36,Closed,,Check with Mr. Khare's email. He has given some range for redius.,L2,6/13/2026,
ESC-089,KP-167-14,Raajratna Metal Industries Limited,"10"" Capston",2,B-37,Qc,L2,Vaibhav,Radius 1 not properly match ,Rework to be done and radius to be matched ,6/13/2026 15:25:18,Closed,,Check with Mr. Khare's email. He has given some range for redius.,L2,6/13/2026,
ESC-090,KP-587-01,Excel Craft Pvt Ltd,Block ,6,B-37,Qc ,L1,Vaibhav,Step found in coating area ,Pre-maching reqd ,6/14/2026 11:47:16,Closed,,Inform customer and hand over to production for pri machine. Also inform Sales team,L2,6/14/2026,
ESC-090,KP-587-01,Excel Craft Pvt Ltd,Block ,6,B-37,Qc ,L2,Vaibhav,Step found in coating area ,Email to cutomer that pre m/c is required ,6/14/2026 11:52:46,Closed,,Inform customer and hand over to production for pri machine. Also inform Sales team,L2,6/14/2026,
ESC-091,-,Not Found,Not Found,,,QA,L1,Laxmi,"The Packing Department audit is scheduled today. Two employees, Dileep and Ravi are absent.",I have escalate it,6/14/2026 11:52:50,Closed,,We can’t audit those who are absent.  So we will skip it ,L3,6/14/2026,
ESC-091,-,Not Found,Not Found,,,QA,L2,Laxmi,"The Packing Department audit is scheduled today. Two employees, Dileep and Ravi are absent.",-,6/14/2026 12:04:11,Closed,,We can’t audit those who are absent.  So we will skip it ,L3,6/14/2026,
ESC-091,-,Not Found,Not Found,,,QA,L3,Laxmi,"The Packing Department audit is scheduled today. Two employees, Dileep and Ravi are absent.",-,6/14/2026 12:04:26,Closed,,We can’t audit those who are absent.  So we will skip it ,L3,6/14/2026,
ESC-092,KP-489-01,PMR  Mud Riggers India PVT. LTD.  (Extreme Feedscrew Coatings PVT. LTD. ),Washpipe,10,C20/4,Qc,L1,Vaibhav,Rusting observe in ID ( non coating areas ),Buffing or polish paper ,6/14/2026 14:57:47,Closed,,"1. Share picture with customers, ask for dispatch clearance. 
2. Inform customer about the open size in ID, check if they can rectify at their end.",L1,6/14/2026,
ESC-093,KP-534-01,Graphite India Limited,Sample,3,C20/4,Process cordinator ,L1,Amruta,"Regarding the Billing Dispatch Sheet – Graphite India Limited (11618A), I have already followed up with Abhishek, but he still has not filled out the form.",Daily follow-up was taken with abhishek....,6/14/2026 15:12:03,Closed,,Spoke with L2 . Jitendra . The packing was not done . All entry in billing and dispatch was not done . Asked him to resolve the same from Abhishek and packing people . Also provided him number of Mr Bhusan Wadekar customer ,L3,6/14/2026,
ESC-093,KP-534-01,Graphite India Limited,Sample,3,C20/4,Process cordinator ,L2,Amruta,"Regarding the Billing Dispatch Sheet – Graphite India Limited (11618A), I have already followed up with Abhishek, but he still has not filled out the form.",-,6/14/2026 15:14:57,Closed,,Spoke with L2 . Jitendra . The packing was not done . All entry in billing and dispatch was not done . Asked him to resolve the same from Abhishek and packing people . Also provided him number of Mr Bhusan Wadekar customer ,L3,6/14/2026,
ESC-093,KP-534-01,Graphite India Limited,Sample,3,C20/4,Process cordinator ,L3,Amruta,"Regarding the Billing Dispatch Sheet – Graphite India Limited (11618A), I have already followed up with Abhishek, but he still has not filled out the form.",-,6/14/2026 15:15:11,Closed,,Spoke with L2 . Jitendra . The packing was not done . All entry in billing and dispatch was not done . Asked him to resolve the same from Abhishek and packing people . Also provided him number of Mr Bhusan Wadekar customer ,L3,6/14/2026,
ESC-094,-,Not Found,Not Found,,,Process cordinator ,L1,Amruta,"Internal transfer material sheet -:

B37 – (Vaishnavi): A follow-up was taken on 13/06/2026. She informed that the material had been transferred to C20 on the same day; however, she did not have sufficient time to update the entry in the sheet. She mentioned that she would complete the entry the following day. A follow-up was taken again on 14/06/2026. She stated that she had to create job cards first and would update the sheet entry afterward. 


C20 – (Sonal): A follow-up was taken on 13/06/2026. She mentioned that she was occupied with a high volume of jobs and was currently focused on preparing the job cards, due to which she could not update the sheet. A follow-up was taken again on 14/06/2026. She informed that she was still occupied with work and did not have time to complete the sheet entry that day as well.",Daily follow-up was taken with sonal & vaishnvi..,6/14/2026 15:38:20,Closed,,Please ask Ritali to complete the entries of b37 . ,L3,6/14/2026,
ESC-094,-,Not Found,Not Found,,,Process cordinator ,L2,Amruta,"Internal transfer material sheet -:

B37 – (Vaishnavi): A follow-up was taken on 13/06/2026. She informed that the material had been transferred to C20 on the same day; however, she did not have sufficient time to update the entry in the sheet. She mentioned that she would complete the entry the following day. A follow-up was taken again on 14/06/2026. She stated that she had to create job cards first and would update the sheet entry afterward. 


C20 – (Sonal): A follow-up was taken on 13/06/2026. She mentioned that she was occupied with a high volume of jobs and was currently focused on preparing the job cards, due to which she could not update the sheet. A follow-up was taken again on 14/06/2026. She informed that she was still occupied with work and did not have time to complete the sheet entry that day as well.",-,6/14/2026 15:40:05,Closed,,Please ask Ritali to complete the entries of b37 . ,L3,6/14/2026,
ESC-094,-,Not Found,Not Found,,,Process cordinator ,L3,Amruta,"Internal transfer material sheet -:

B37 – (Vaishnavi): A follow-up was taken on 13/06/2026. She informed that the material had been transferred to C20 on the same day; however, she did not have sufficient time to update the entry in the sheet. She mentioned that she would complete the entry the following day. A follow-up was taken again on 14/06/2026. She stated that she had to create job cards first and would update the sheet entry afterward. 


C20 – (Sonal): A follow-up was taken on 13/06/2026. She mentioned that she was occupied with a high volume of jobs and was currently focused on preparing the job cards, due to which she could not update the sheet. A follow-up was taken again on 14/06/2026. She informed that she was still occupied with work and did not have time to complete the sheet entry that day as well.",-,6/14/2026 15:40:17,Closed,,Please ask Ritali to complete the entries of b37 . ,L3,6/14/2026,
ESC-095,Kp-534-01,Graphite India Limited,Sample,3,C20/4,Admin ,L1,Abhishek,Packing slip not received ,-,6/14/2026 16:00:54,Closed,,Instuction given to packing dept to pack sample & give to abhishek,L1,6/14/2026,
ESC-096,-,Not Found,Not Found,,,Office ,L1,Vaishnavi,Copy paste not working in SQL,-contact with jitu sir,6/14/2026 17:08:28,Closed,,Pls contact Waheed & resolve this error because this is not SQL error,L1,6/16/2026,
ESC-097,-,Not Found,Not Found,,,Qc,L1,Vaibhav,Dashboard updating not properly ( Enteries missing not showing ,-,6/15/2026 11:14:37,Open,,,,,
ESC-098,KP-434-09,Raajratna Metal Industries Limited,Wire Drawing Drum ( Block ),2,B-37,Qc,L1,Vaibhav,Coating area line observe ,Rework ,6/15/2026 11:57:41,Closed,,Discussed with customer Mr. Khare,L2,6/15/2026,
ESC-098,KP-434-09,Raajratna Metal Industries Limited,Wire Drawing Drum ( Block ),2,B-37,Qc,L2,Vaibhav,Coating area line observe ,Rework required ,6/15/2026 12:03:38,Closed,,Discussed with customer Mr. Khare,L2,6/15/2026,
ESC-099,-,Not Found,Not Found,,,Process cordinator ,L1,Amruta,"The Screening Interview Sheet (FMS) was previously being updated by Rohit. Currently, entries are not getting recorded in the sheet, even though HR Ma’am is conducting interviews. Could you please let me know whom I should follow up with regarding this issue so that the interview records can be updated in the system...",-,6/16/2026 9:16:27,Open,,,,,
ESC-100,-,Not Found,Not Found,,,MIS,L1,Kajal,Need to check 2 sheets - 1)Customer Feedback 2)initiate a marketing follow-up -CRM,-,6/16/2026 9:29:44,Open,,,,,
ESC-100,-,Not Found,Not Found,,,MIS,L2,Kajal,Need to check 2 sheets - 1)Customer Feedback 2)initiate a marketing follow-up -CRM,Dhaval Sir please check & give the approval,6/16/2026 9:40:51,Open,,,,,
ESC-100,-,Not Found,Not Found,,,MIS,L3,Kajal,Need to check 2 sheets - 1)Customer Feedback 2)initiate a marketing follow-up -CRM,-,6/16/2026 9:41:05,Open,,,,,
ESC-101,-,Not Found,Not Found,,,Qc,L1,Vaibhav,"Today busy in L & T Tpi inspection 
Final & Pre-insp may get delay ",-,6/16/2026 11:49:07,Closed,,After sending report to Customer. Try to finish schedule job,L2,6/16/2026,
ESC-102,. ,Not Found,Not Found,,,Sparying ,L1,Prism,"Sparying ka Jo software Hai  
Agar uus me koei chij filp nahi huva  for exp --- delivery date / po  pending  / customers   clernces    / billing 
 Uske  vajse  Sparying dashboard Mai kp no ya oo job card dhikhata nahi Hai sab documents clear hoga us time par dashboard Mai job card dhikhata Hai
",Info kajl mam and nisha mam ,6/16/2026 12:05:43,Open,,,,,
ESC-103,-,Not Found,Not Found,,,QC,L1,Musawwir,Need to fill Google form twice as entries from dashboard still shows even after submitting ,-,6/16/2026 12:33:54,Closed,,please fill the system issue form,L1,6/16/2026,
ESC-102,. ,Not Found,Not Found,,,Sparying ,L2,Prism,"Sparying ka Jo software Hai  
Agar uus me koei chij filp nahi huva  for exp --- delivery date / po  pending  / customers   clernces    / billing 
 Uske  vajse  Sparying dashboard Mai kp no ya oo job card dhikhata nahi Hai sab documents clear hoga us time par dashboard Mai job card dhikhata Hai
",-,6/16/2026 12:42:02,Open,,,,,
ESC-104,_,Not Found,Not Found,,,Office ,L1,Vaishnavi,"The store does not issue the powder unless it is mention on the job card ,and  we do not have the data available.",-,6/16/2026 14:26:05,Closed,,for regulator powder chart will be provided for calculation. Non regular powder works manager will provide details before coating. ( operator should bring job card),L2,6/16/2026,
ESC-104,_,Not Found,Not Found,,,Office ,L2,Vaishnavi,"The store does not issue the powder unless it is mention on the job card ,and  we do not have the data available.",-,6/16/2026 15:03:29,Closed,,for regulator powder chart will be provided for calculation. Non regular powder works manager will provide details before coating. ( operator should bring job card),L2,6/16/2026,
ESC-101,-,Not Found,Not Found,,,Qc,L2,Vaibhav,"Today busy in L & T Tpi inspection 
Final & Pre-insp may get delay ",-,6/16/2026 15:13:58,Closed,,After sending report to Customer. Try to finish schedule job,L2,6/16/2026,
ESC-105,KP-555,Not Found,Not Found,,,Abhishek ,L1,Abhishek,"How can I make dispatch without amended (rate) PO kalapi po no 404, 411",-,6/16/2026 16:56:31,Closed,,"As discussed with Mr. dhaval Sir, plesae send material on delivery challan, we give 5 % Discount, once received Amended PO, Make Invoice",L1,6/16/2026,
ESC-106,-,Not Found,Not Found,,,Process cordinator ,L1,Amruta,"I followed up with Sakshi regarding the RFQ FMS sheet. Since Divya is absent , the sheet has not been updated yet.",I have followed up with Sakshi,6/17/2026 9:47:55,Open,,,,,
ESC-107,-,Not Found,Not Found,,,Process cordinator ,L1,Amruta,"Regarding the Scanning FMS sheet, Sakshi is currently at the C20 plant. Therefore, the Scanning FMS sheet has not been updated yet..",-,6/17/2026 9:54:40,Open,,,,,
ESC-108,-,Not Found,Not Found,,,Process cordinator ,L1,Amruta,"Regarding the Order Win FMS sheet, Ranjana Mam is absent . Therefore, the sheet has not been updated yet.",-,6/17/2026 9:57:39,Open,,,,,
ESC-109,KP-590-01,Kalapi Engineering Associates Pvt. Ltd,Wear Ring (RC25-7127) ( Case Separating Ring ),1,C20/4,Admin,L1,Nisha,"FIR was pending since 15/6/26.  Today MF after discussing with AW informed that this material was dispatched on 11/06/26.  As per AW only buffing was done on the job & customer inspected the material & took it along. Since FIR was not done for this job,  no entry in the Billing & Dispatch sheet.  On checking with Abhishek - actual dispatch dt 13/06/26.",Checked with AW & Abhishek ,6/17/2026 12:27:02,Closed,,FIR should be linked Challan . Security can’t disaprch without checking challan . Challan can’t be made without FIR . ,L1,6/17/2026,
ESC-110,KP-415,Not Found,Not Found,,,Admin,L1,Abhishek,Azad Need their sample urgent today but Amended PO Pending (threding Charges to be Add) ,-,6/17/2026 15:21:26,Closed,,"As discussed with Haarsh Sir,  Pls Inform to CRM team to arrange amended PO for threading charges.  Not possible to dispatch without  Amended PO",L1,6/17/2026,
ESC-111,KP-186-01,Raghu Vamsi Machine Tools Pvivate Limited,Top Tube ,2,C20/4,process cordinator ,L1,Amruta,"Outsourcing FMS Sheet  ( material name :-Top tube ) 

On 15/06/2026, a follow-up was taken with Ashwini Ma'am regarding the PO share column . She informed that the vendor had not shared the rate yet. On 16/06/2026, a follow-up was again taken with Ashwini Ma'am, and she informed that due to audit activities, no follow-up could be conducted with the vendor. On 17/06/2026, a further follow-up was taken with Ashwini Ma'am, and she informed that the vendor is expected to share the rate by 12:00 PM.",Followup with ashwini mam.,6/17/2026 15:38:39,Open,,,,,
ESC-112,-,Not Found,Not Found,,,MIS,L1,Priya,"Sir, sometimes the challan entry is missed by security, so the entry is recorded late and the inspection gets delayed. There are also cases where the material arrives but the challan does not, which again causes a delay. In such situations, how should we determine the inspection date?",-,6/17/2026 16:01:30,Closed,,Challan copy to reach inspection with date received and packing person name . If they have challan and don’t receive PIR they can escalate before it gets delayed . ,L3,6/17/2026,
ESC-112,-,Not Found,Not Found,,,MIS,L2,Priya,"Sir, sometimes the challan entry is missed by security, so the entry is recorded late and the inspection gets delayed. There are also cases where the material arrives but the challan does not, which again causes a delay. In such situations, how should we determine the inspection date?","Material comes with a challan either from the customer or manufacturer.  When customer challan is not available, can we use the manufacturer's challan for logging incoming entries.  
For security's entry being missed, a incoming register exclusively for incoming material entries can be given & someone can be assigned to check this register daily.",6/17/2026 16:29:33,Closed,,Challan copy to reach inspection with date received and packing person name . If they have challan and don’t receive PIR they can escalate before it gets delayed . ,L3,6/17/2026,
ESC-112,-,Not Found,Not Found,,,MIS,L3,Priya,"Sir, sometimes the challan entry is missed by security, so the entry is recorded late and the inspection gets delayed. There are also cases where the material arrives but the challan does not, which again causes a delay. In such situations, how should we determine the inspection date?",-,6/17/2026 16:29:46,Closed,,Challan copy to reach inspection with date received and packing person name . If they have challan and don’t receive PIR they can escalate before it gets delayed . ,L3,6/17/2026,
ESC-111,KP-186-01,Raghu Vamsi Machine Tools Pvivate Limited,Top Tube ,2,C20/4,process cordinator ,L2,Amruta,"Outsourcing FMS Sheet  ( material name :-Top tube ) 

On 15/06/2026, a follow-up was taken with Ashwini Ma'am regarding the PO share column . She informed that the vendor had not shared the rate yet. On 16/06/2026, a follow-up was again taken with Ashwini Ma'am, and she informed that due to audit activities, no follow-up could be conducted with the vendor. On 17/06/2026, a further follow-up was taken with Ashwini Ma'am, and she informed that the vendor is expected to share the rate by 12:00 PM.",Suggest Ashwini Madam to contact alternate person for the rates or try speaking directly to the senior authority,6/17/2026 16:37:48,Open,,,,,
ESC-113,KP-593-01,Godrej & Boyce Mfg. Co. Ltd,Blade Rotor Stage 1,32,C20/4,Quality ,L1,Shishir,Godrej's 32 nose blade has been handed over to the Quality Department without demasking or cleaning. It takes a lot of time for demasking and cleaning and it also creates problems in the job during demasking. Dilip the packer who used to do the demasking is also on leave now. It will take a lot of time for us to get the cleaning and demasking done from other packers. Please do not hand over the material to us until it is completely cleaned and demasked.,"We talked to Ambrish Bhai about this because he had done the handover, we explained the whole thing to him but still he did not agree.",6/18/2026 9:46:41,Closed,,"For such components 
We do two inspections 
One inspection which we consider as final inspection with masking still on is considered as WIP inspection 

Once this is done the job will be de masked 
Until it’s de masked the job is in production only but with cleaning department which in this case is packing department

Now after they are done . We will handover to quality for final inspection 
——xx——
Optional activity way - Time required will cleaning can be saved by doing below . 
Instead of handing over after completing de masking all jobs handover in small batche. And parallel inspection to do . For example two packing person feeding one inspector making FIR ",L3,6/18/2026,
ESC-113,KP-593-01,Godrej & Boyce Mfg. Co. Ltd,Blade Rotor Stage 1,32,C20/4,Quality ,L2,Shishir,Godrej's 32 nose blade has been handed over to the Quality Department without demasking or cleaning. It takes a lot of time for demasking and cleaning and it also creates problems in the job during demasking. Dilip the packer who used to do the demasking is also on leave now. It will take a lot of time for us to get the cleaning and demasking done from other packers. Please do not hand over the material to us until it is completely cleaned and demasked.,"1. WIP to be done at 75% within spraying.
2. After completion 100 % visual inspection to be carried out if found satisfactory then demasking and cleaning is to be done.
3. Packing dept. will clean and provide jobs uptil 2 pm today 
4. Need to discuss this with management and set a rule for such kind of jobs where demasking and cleaning takes time.",6/18/2026 10:17:36,Closed,,"For such components 
We do two inspections 
One inspection which we consider as final inspection with masking still on is considered as WIP inspection 

Once this is done the job will be de masked 
Until it’s de masked the job is in production only but with cleaning department which in this case is packing department

Now after they are done . We will handover to quality for final inspection 
——xx——
Optional activity way - Time required will cleaning can be saved by doing below . 
Instead of handing over after completing de masking all jobs handover in small batche. And parallel inspection to do . For example two packing person feeding one inspector making FIR ",L3,6/18/2026,
ESC-114,KP-581-01,Godrej & Boyce Mfg. Co. Ltd,Button,3,C20/4,QA,L1,Laxmi,"Godrej samples were handed over to Quality 17-06-2026 at 1:08 PM. As per the sample process, 2 days are required for testing after handover, and then final inspection is to be done. Inspection dashboard is showing the final inspection under my name today itself.",-,6/18/2026 10:40:37,Closed,,"2 days for making report and testing from production handover or 2 days from dispatch date whichever is earlier . 

",L3,6/18/2026,
ESC-114,KP-581-01,Godrej & Boyce Mfg. Co. Ltd,Button,3,C20/4,QA,L2,Laxmi,"Godrej samples were handed over to Quality 17-06-2026 at 1:08 PM. As per the sample process, 2 days are required for testing after handover, and then final inspection is to be done. Inspection dashboard is showing the final inspection under my name today itself.",-,6/18/2026 11:09:00,Closed,,"2 days for making report and testing from production handover or 2 days from dispatch date whichever is earlier . 

",L3,6/18/2026,
ESC-114,KP-581-01,Godrej & Boyce Mfg. Co. Ltd,Button,3,C20/4,QA,L3,Laxmi,"Godrej samples were handed over to Quality 17-06-2026 at 1:08 PM. As per the sample process, 2 days are required for testing after handover, and then final inspection is to be done. Inspection dashboard is showing the final inspection under my name today itself.",-,6/18/2026 11:09:12,Closed,,"2 days for making report and testing from production handover or 2 days from dispatch date whichever is earlier . 

",L3,6/18/2026,
ESC-113,KP-593-01,Godrej & Boyce Mfg. Co. Ltd,Blade Rotor Stage 1,32,C20/4,Quality ,L3,Shishir,Godrej's 32 nose blade has been handed over to the Quality Department without demasking or cleaning. It takes a lot of time for demasking and cleaning and it also creates problems in the job during demasking. Dilip the packer who used to do the demasking is also on leave now. It will take a lot of time for us to get the cleaning and demasking done from other packers. Please do not hand over the material to us until it is completely cleaned and demasked.,"WIP inspection is carried put after spraying. it was handover to quality dept. after inspection it should go for demasking, final inspection, and final packing. after demasking the quality dept should inspect visually and approve. now for demasking and cleaning 32 no's blades it will take about a day. so, my request is to give ample time for cleaning of Aerospace components",6/18/2026 12:35:56,Closed,,"For such components 
We do two inspections 
One inspection which we consider as final inspection with masking still on is considered as WIP inspection 

Once this is done the job will be de masked 
Until it’s de masked the job is in production only but with cleaning department which in this case is packing department

Now after they are done . We will handover to quality for final inspection 
——xx——
Optional activity way - Time required will cleaning can be saved by doing below . 
Instead of handing over after completing de masking all jobs handover in small batche. And parallel inspection to do . For example two packing person feeding one inspector making FIR ",L3,6/18/2026,
ESC-115,-,Not Found,Not Found,,,QC,L1,Musawwir,"11747 , 11754, 11753, KP-624-01 can be given to VG for Pre ",-,6/20/2026 11:14:08,Open,,,,,
ESC-115,-,Not Found,Not Found,,,QC,L2,Musawwir,"11747 , 11754, 11753, KP-624-01 can be given to VG for Pre ",-,6/20/2026 11:15:46,Open,,,,,
ESC-116,-,Not Found,Not Found,,,QC ,L1,Shishir,"The shaft of Pinnacle and the drum assembly of Aditya enterprises and the  PMR Mud  all these materials are currently in B37 and their inspection has been allotted in my name. Actually, I have work in C20 apart from that, you can see in the schedule how much work is there and along with that, I have to manage and do the final inspection of Godrej which does not even come in the schedule and I am doing the same at present. What I am saying is that a lot of material does come in C20 but its final inspection is done in B37 because grinding and all other operations are done there, so it is not possible for me to go to both the companies and handle them physically because I am the only inspector here in C20. So in such cases what  You tell me what you want to do.",Escalate,6/20/2026 11:49:25,Closed,,"1. Pinnacle was alloted to SJ and needed to be finalized on 18th of June but wasnt completed nor Escalated.
2.As its now in delay SJ  have to take responsibility and complete it asap.
3. Aditya, nilpeter, and PMR inspection has been taken care of and will be done by VG in B37",L1,6/20/2026,
ESC-117,-,Not Found,Not Found,,,QC ,L1,Shishir,"The shaft of Pinnacle and the drum assembly of Aditya enterprises and the  PMR Mud  all these materials are currently in B37 and their inspection has been allotted in my name. Actually, I have work in C20 apart from that, you can see in the schedule how much work is there and along with that, I have to manage and do the final inspection of Godrej which does not even come in the schedule and I am doing the same at present. What I am saying is that a lot of material does come in C20 but its final inspection is done in B37 because grinding and all other operations are done there, so it is not possible for me to go to both the companies and handle them physically because I am the only inspector here in C20. So in such cases what  You tell me what you want to do.", Escalate,6/20/2026 12:20:13,Open,,,,,
ESC-118,KP-550-01,PINNACLE ENGINEERING,Shaft,1,C20/4,QC,L1,Musawwir,"1. Tapper of 0.03 observed 
2. Step felt when touched 
3. Colour difference observed on OD",-,6/20/2026 14:26:47,Closed,,size open (+- 0.5) dispatched . ,L2,6/20/2026,
ESC-118,KP-550-01,PINNACLE ENGINEERING,Shaft,1,C20/4,QC,L2,Musawwir,"1. Tapper of 0.03 observed 
2. Step felt when touched 
3. Colour difference observed on OD",-,6/20/2026 15:23:09,Closed,,size open (+- 0.5) dispatched . ,L2,6/20/2026,
ESC-119,. ,Not Found,Not Found,,,Sparying ,L1,Prism,.Sparying kilye Jo bhi job aata Hai uusme  powder Kitna lagne wala  oo lihkar nahi aata office Mai Kitna bar batya to uuka no response  bolte   1 - 1 job card kilye amrshish  sir ki piche  jana padta Hai oo muzse nahi hoga reply aisa kartey hai,.,6/22/2026 9:25:23,Open,,,,,
ESC-120,KP-555-01,Kalapi Engineering Associates Pvt. Ltd,Case Wear Ring (RC26-7088),2,C20/4,QC,L1,Musawwir,"Ring 1.  OD + 0.012 microns & ID +0.01 microns observed
Ring 2.  ID +0.006 microns observed 
",Deviation to be taken ,6/22/2026 10:12:32,Closed,,Send report to customer for deviation ,L2,6/22/2026,
ESC-120,KP-555-01,Kalapi Engineering Associates Pvt. Ltd,Case Wear Ring (RC26-7088),2,C20/4,QC,L2,Musawwir,"Ring 1.  OD + 0.012 microns & ID +0.01 microns observed
Ring 2.  ID +0.006 microns observed 
",-,6/22/2026 10:39:55,Closed,,Send report to customer for deviation ,L2,6/22/2026,
ESC-121,-,Not Found,Not Found,,,dummy,L1,Shishir,Kindly ignore checking purpose,-,6/22/2026 10:51:59,Open,,,,,
ESC-122,KP-622-01,Aditya Enterprises,Drum Assembly,1,C20/4,Qc,L1,Vaibhav,Colour miss match compering to master ,-,6/22/2026 13:57:01,Closed,,All colour same dispatch ,L2,6/22/2026,
ESC-122,KP-622-01,Aditya Enterprises,Drum Assembly,1,C20/4,Qc,L2,Vaibhav,Colour miss match compering to master ,If all jobs are same then it can be dispatched ,6/22/2026 14:01:49,Closed,,All colour same dispatch ,L2,6/22/2026,
ESC-123,KP-458-01,KSB Limited,Plunger,11,B-37,CRM,L1,Hemangi,Ksb Material was in outsourcing with Deepak engg today we will receive the material after that cutting and coting job will be done we can deliver it on Saturday and Sunday but customer wants today on urgent basis need help ,Spoke to quality and also informed customer but he wants it by today only ,6/24/2026 12:29:17,Closed,,Email the customer that we will provide an update by 3:00 pm today . Current timeline for arranging inspection call is Saturday for LPT . We are closely monitoring the matter . Tip cutting and spraying a onwards processes are pending but you job will be given priority at each stage to compete it by Saturday  ,L3,6/24/2026,
ESC-123,KP-458-01,KSB Limited,Plunger,11,B-37,CRM,L2,Hemangi,Ksb Material was in outsourcing with Deepak engg today we will receive the material after that cutting and coting job will be done we can deliver it on Saturday and Sunday but customer wants today on urgent basis need help ,--,6/24/2026 12:32:20,Closed,,Email the customer that we will provide an update by 3:00 pm today . Current timeline for arranging inspection call is Saturday for LPT . We are closely monitoring the matter . Tip cutting and spraying a onwards processes are pending but you job will be given priority at each stage to compete it by Saturday  ,L3,6/24/2026,
ESC-123,KP-458-01,KSB Limited,Plunger,11,B-37,CRM,L3,Hemangi,Ksb Material was in outsourcing with Deepak engg today we will receive the material after that cutting and coting job will be done we can deliver it on Saturday and Sunday but customer wants today on urgent basis need help ,"Not possible. Saturday, we can give delivery. ",6/24/2026 12:35:25,Closed,,Email the customer that we will provide an update by 3:00 pm today . Current timeline for arranging inspection call is Saturday for LPT . We are closely monitoring the matter . Tip cutting and spraying a onwards processes are pending but you job will be given priority at each stage to compete it by Saturday  ,L3,6/24/2026,
ESC-124,-,Not Found,Not Found,,,Maintenance,L1,Sanjay Phise,Solar and MSEB Reading Instruction Training,-,6/25/2026 9:15:25,Closed,,online Training   Ztric (mr.shubham bhalerao  mobail no: 7261962079) ,L1,6/25/2026,
ESC-125,-,Not Found,Not Found,,,Quality,L1,Vaibhav,6.5 HQ Kelly Mandrel KP no not generated ,-,6/25/2026 11:15:28,Closed,,Manifest has been recd . Entry being updated . ,L3,6/25/2026,
ESC-126,KP-533-03,WPIL limited,Sleeve,2,B-37,Quality,L1,Jagannath,Improper coating length for observed during final inspection.,customer clearens to be taken.,6/25/2026 11:19:59,Closed,,Received customer clearance. Dispatch ,L2,6/25/2026,
ESC-125,-,Not Found,Not Found,,,Quality,L2,Vaibhav,6.5 HQ Kelly Mandrel KP no not generated ,Ask office persons to Generate KP no.,6/25/2026 11:24:50,Closed,,Manifest has been recd . Entry being updated . ,L3,6/25/2026,
ESC-126,KP-533-03,WPIL limited,Sleeve,2,B-37,Quality,L2,Jagannath,Improper coating length for observed during final inspection.,Deviation to be send to Customer and get Clearance ,6/25/2026 11:25:27,Closed,,Received customer clearance. Dispatch ,L2,6/25/2026,
ESC-125,-,Not Found,Not Found,,,Quality,L3,Vaibhav,6.5 HQ Kelly Mandrel KP no not generated ,Admin department should resolve ,6/25/2026 11:34:38,Closed,,Manifest has been recd . Entry being updated . ,L3,6/25/2026,
ESC-127,KP-434-03,Raajratna Metal Industries Limited,Wire Drawing Drum ( Block ),4,B-37,Qc ,L1,Vaibhav,"1) RRC0400 chara obs
2) RRC0403 pin hole observe",1) RRC0400 polishing reqd ,6/25/2026 12:02:11,Closed,,This small marks are difficult to remove. Ask customer deviation ,L2,6/25/2026,
ESC-127,KP-434-03,Raajratna Metal Industries Limited,Wire Drawing Drum ( Block ),4,B-37,Qc ,L2,Vaibhav,"1) RRC0400 chara obs
2) RRC0403 pin hole observe","1. Polishing to be done 
2. Pinholes to be filled and Polished ",6/25/2026 12:07:53,Closed,,This small marks are difficult to remove. Ask customer deviation ,L2,6/25/2026,
ESC-128,KP-543-02,Sharayu Engineering PVT. LTD.,Plate,3,C20/4,qc,L1,Vaibhav,Kindly Transfer 11735A to JN as I VG have to be with KSB Plunger Inspection,-,6/25/2026 14:26:03,Closed,,"Assign all to MF

Its mainly visual",L1,6/25/2026,
ESC-129,KP-556-05,Sanjay Engineering Work,Bearing Seal Housing Shaft,1,B-37,qc,L1,Musawwir,Allocate 11650E to JJ,-,6/25/2026 15:08:38,Closed,,sulzer impeller - 11796A - Assign to JJ - Pre - Let me learn this,L3,6/25/2026,
ESC-129,KP-556-05,Sanjay Engineering Work,Bearing Seal Housing Shaft,1,B-37,qc,L2,Musawwir,Allocate 11650E to JJ,-,6/25/2026 15:10:07,Closed,,sulzer impeller - 11796A - Assign to JJ - Pre - Let me learn this,L3,6/25/2026,
ESC-129,KP-556-05,Sanjay Engineering Work,Bearing Seal Housing Shaft,1,B-37,qc,L3,Musawwir,Allocate 11650E to JJ,-,6/25/2026 15:10:26,Closed,,sulzer impeller - 11796A - Assign to JJ - Pre - Let me learn this,L3,6/25/2026,
ESC-130,-,Kalapi Engineering Associates Pvt. Ltd,,1,B-37,Purchase,L1,Ashvini,"China masking tape decision pending, vendor said they have double sided tape as discussed it with wadkar sir they said we don't want double sided tape.",Taking image of masking tape from vendor ,6/27/2026 10:29:59,Closed,,Contact vendor again . Please share the  tape photo if green belting . Also ask him to share what’s app number of technical person or email with us . Also shre product catalogue . We have seen the product neon available with you at Thailand exhibition ,L3,6/27/2026,
ESC-131,-,Kalapi Engineering Associates Pvt. Ltd,,1,B-37,Puurchase,L1,Ashvini,Which belt we can use on Colmonoy 88 Powder,-,6/27/2026 10:31:00,Closed,,"Place order for new belts . To Jasmina 
1” x30” - Jasmina - 37.5 usd qty -,4 nos 
3”x30 - Jasmina - 338 usd 
Qty - 1 nos 


",L3,6/27/2026,
ESC-132,-,Kalapi Engineering Associates Pvt. Ltd,(RC25-7099),1,B-37,Purchase,L1,Ashvini,"Dust collector order pending of Req No. ST-1: 893 Dt.. 9-2-2026. Quotation received from Turbodyne, MEC, M.N.Acoustic",-,6/27/2026 10:33:03,Closed,,Provide print and discuss with me post lunch 2:15 pm ,L3,6/27/2026,
ESC-133,-,Kalapi Engineering Associates Pvt. Ltd,(RC25-7099),1,B-37,Purchase,L1,Ashvini,Please confirm which sealant need to order from american roller company.,-,6/27/2026 10:34:14,Closed,,"
- Order 200 series only 
- Don’t order 13,000 series 
Order 900 series . 
- Check if AIM to be ordered 
",L3,6/27/2026,
ESC-133,-,Kalapi Engineering Associates Pvt. Ltd,(RC25-7099),1,B-37,Purchase,L2,Ashvini,Please confirm which sealant need to order from american roller company.,-,6/27/2026 11:03:36,Closed,,"
- Order 200 series only 
- Don’t order 13,000 series 
Order 900 series . 
- Check if AIM to be ordered 
",L3,6/27/2026,
ESC-133,-,Kalapi Engineering Associates Pvt. Ltd,(RC25-7099),1,B-37,Purchase,L3,Ashvini,Please confirm which sealant need to order from american roller company.,-,6/27/2026 11:03:49,Closed,,"
- Order 200 series only 
- Don’t order 13,000 series 
Order 900 series . 
- Check if AIM to be ordered 
",L3,6/27/2026,
ESC-130,-,Kalapi Engineering Associates Pvt. Ltd,,1,B-37,Purchase,L2,Ashvini,"China masking tape decision pending, vendor said they have double sided tape as discussed it with wadkar sir they said we don't want double sided tape.",-,6/27/2026 11:08:00,Closed,,Contact vendor again . Please share the  tape photo if green belting . Also ask him to share what’s app number of technical person or email with us . Also shre product catalogue . We have seen the product neon available with you at Thailand exhibition ,L3,6/27/2026,
ESC-130,-,Kalapi Engineering Associates Pvt. Ltd,,1,B-37,Purchase,L3,Ashvini,"China masking tape decision pending, vendor said they have double sided tape as discussed it with wadkar sir they said we don't want double sided tape.",-,6/27/2026 11:08:13,Closed,,Contact vendor again . Please share the  tape photo if green belting . Also ask him to share what’s app number of technical person or email with us . Also shre product catalogue . We have seen the product neon available with you at Thailand exhibition ,L3,6/27/2026,
ESC-131,-,Kalapi Engineering Associates Pvt. Ltd,,1,B-37,Puurchase,L2,Ashvini,Which belt we can use on Colmonoy 88 Powder,-,6/27/2026 11:08:52,Closed,,"Place order for new belts . To Jasmina 
1” x30” - Jasmina - 37.5 usd qty -,4 nos 
3”x30 - Jasmina - 338 usd 
Qty - 1 nos 


",L3,6/27/2026,
ESC-131,-,Kalapi Engineering Associates Pvt. Ltd,,1,B-37,Puurchase,L3,Ashvini,Which belt we can use on Colmonoy 88 Powder,-,6/27/2026 11:09:05,Closed,,"Place order for new belts . To Jasmina 
1” x30” - Jasmina - 37.5 usd qty -,4 nos 
3”x30 - Jasmina - 338 usd 
Qty - 1 nos 


",L3,6/27/2026,
ESC-132,-,Kalapi Engineering Associates Pvt. Ltd,(RC25-7099),1,B-37,Purchase,L2,Ashvini,"Dust collector order pending of Req No. ST-1: 893 Dt.. 9-2-2026. Quotation received from Turbodyne, MEC, M.N.Acoustic",-,6/27/2026 11:09:29,Closed,,Provide print and discuss with me post lunch 2:15 pm ,L3,6/27/2026,
ESC-132,-,Kalapi Engineering Associates Pvt. Ltd,(RC25-7099),1,B-37,Purchase,L3,Ashvini,"Dust collector order pending of Req No. ST-1: 893 Dt.. 9-2-2026. Quotation received from Turbodyne, MEC, M.N.Acoustic",-,6/27/2026 11:09:42,Closed,,Provide print and discuss with me post lunch 2:15 pm ,L3,6/27/2026,
ESC-134,-,Not Found,Not Found,,,MIS / PC,L1,Priya,"Priya and Amruta are facing difficulty contacting Arpit. When we call the landline, the call either gets disconnected instead of being forwarded or is redirected to Ashwini Ma'am. As a result, we have to contact Supriya Ma'am and request her to ask Arpit to call us back once he is available.","I also spoke with Supriya Ma'am regarding the landline issue. She informed me that she has already asked Abdul to get the landline fixed. However, the issue has not been resolved yet.",6/27/2026 14:04:05,Open,,,,,
ESC-134,-,Not Found,Not Found,,,MIS / PC,L2,Priya,"Priya and Amruta are facing difficulty contacting Arpit. When we call the landline, the call either gets disconnected instead of being forwarded or is redirected to Ashwini Ma'am. As a result, we have to contact Supriya Ma'am and request her to ask Arpit to call us back once he is available.",-,6/27/2026 14:04:32,Open,,,,,
ESC-134,-,Not Found,Not Found,,,MIS / PC,L3,Priya,"Priya and Amruta are facing difficulty contacting Arpit. When we call the landline, the call either gets disconnected instead of being forwarded or is redirected to Ashwini Ma'am. As a result, we have to contact Supriya Ma'am and request her to ask Arpit to call us back once he is available.",-,6/27/2026 14:04:50,Open,,,,,
ESC-135,_,Not Found,Not Found,,,Grinding ,L1,Aanad,Helper nhi hai job lagane ko,Sabko puchha koe khali nhi hai,6/27/2026 14:35:01,Open,,,,,
ESC-135,_,Not Found,Not Found,,,Grinding ,L2,Aanad,Helper nhi hai job lagane ko,-,6/27/2026 16:21:55,Open,,,,,
ESC-136,KP-434-02,Raajratna Metal Industries Limited,Wire Drawing Drum ( Block ),4,B-37,Quality,L1,Jagannath,RRB0333 QTY-01 Chara Mark Observed.,polishing reqd,6/28/2026 11:57:12,Closed,,Customer deviation to be taken,L2,6/28/2026,
ESC-136,KP-434-02,Raajratna Metal Industries Limited,Wire Drawing Drum ( Block ),4,B-37,Quality,L2,Jagannath,RRB0333 QTY-01 Chara Mark Observed.,Polishing to be done ,6/28/2026 12:24:22,Closed,,Customer deviation to be taken,L2,6/28/2026,
ESC-137,KP-538,Not Found,Not Found,,,PPC,L1,Pravin,"1) Azad engineering material qty recived 9 line item (06 button, 06 flat, 18 cylinder) , entry shows in dashbord 24 line item.
2) Material recived 30/05/2026 showing 9 line item, Balance entry was date after 21/06/2026.
3) In dashbord show only incoming material entry, But actual other entry are relocate for billing purpose.",I have escalate it,6/28/2026 12:48:26,Closed,,Will provide decision via help slip ,L3,6/28/2026,
ESC-138,KP-648-01,EagleBurgmann India Pvt. Ltd.,Sleeve,1,C20/4,Quality ,L1,Shishir,"Eagleburgmann Pune Sleeve Qty 01, this material was received on 26th and 26th was Friday, we inspected it on 27th, but I don't know why delay is shown in my name.I'm worried this might cause a score deduction, as I've previously lost points due to incorrect entries under my name.","I had told Priya madam about this yesterday and have told her twice today also, still the delay is visible in my name.",6/28/2026 13:54:53,Open,,,,,
ESC-137,KP-538,Not Found,Not Found,,,PPC,L2,Pravin,"1) Azad engineering material qty recived 9 line item (06 button, 06 flat, 18 cylinder) , entry shows in dashbord 24 line item.
2) Material recived 30/05/2026 showing 9 line item, Balance entry was date after 21/06/2026.
3) In dashbord show only incoming material entry, But actual other entry are relocate for billing purpose.",-,6/28/2026 13:58:29,Closed,,Will provide decision via help slip ,L3,6/28/2026,
ESC-137,KP-538,Not Found,Not Found,,,PPC,L3,Pravin,"1) Azad engineering material qty recived 9 line item (06 button, 06 flat, 18 cylinder) , entry shows in dashbord 24 line item.
2) Material recived 30/05/2026 showing 9 line item, Balance entry was date after 21/06/2026.
3) In dashbord show only incoming material entry, But actual other entry are relocate for billing purpose.","In such case where entry made for billing purpose, pri inspection column should be empty and mark entry for billing purpose. No production, final inspection and packing date",6/28/2026 14:06:59,Closed,,Will provide decision via help slip ,L3,6/28/2026,
ESC-138,KP-648-01,EagleBurgmann India Pvt. Ltd.,Sleeve,1,C20/4,Quality ,L2,Shishir,"Eagleburgmann Pune Sleeve Qty 01, this material was received on 26th and 26th was Friday, we inspected it on 27th, but I don't know why delay is shown in my name.I'm worried this might cause a score deduction, as I've previously lost points due to incorrect entries under my name.",Informed Priya regarding this issue she will rectify the calculation error.,6/28/2026 14:28:26,Open,,,,,
ESC-139,-,Not Found,Not Found,,,QC,L1,Musawwir,Need to mail Kalapi as dent observed in 2 components ,-,6/28/2026 15:31:19,Closed,,"do not send email directly. For small dents where job is unfinish, Just share on whats app group. ",L2,6/28/2026,
ESC-139,-,Not Found,Not Found,,,QC,L2,Musawwir,Need to mail Kalapi as dent observed in 2 components ,-,6/28/2026 15:31:40,Closed,,"do not send email directly. For small dents where job is unfinish, Just share on whats app group. ",L2,6/28/2026,
ESC-140,KP-605-01,Super Castings ( Bombay ) Pvt. Ltd.,Roller,3,B-37,QC,L1,Vaibhav,"1)Ra (+) in 1 roll report shear with ambarish sir
2)seal mark obs",rework,6/28/2026 16:38:40,Closed,,Discussion done with Haarsh Sir - Report to be shared showing Ra within range.,L3,6/28/2026,
ESC-140,KP-605-01,Super Castings ( Bombay ) Pvt. Ltd.,Roller,3,B-37,QC,L2,Vaibhav,"1)Ra (+) in 1 roll report shear with ambarish sir
2)seal mark obs",-,6/28/2026 16:39:39,Closed,,Discussion done with Haarsh Sir - Report to be shared showing Ra within range.,L3,6/28/2026,
ESC-140,KP-605-01,Super Castings ( Bombay ) Pvt. Ltd.,Roller,3,B-37,QC,L3,Vaibhav,"1)Ra (+) in 1 roll report shear with ambarish sir
2)seal mark obs",-,6/28/2026 16:43:16,Closed,,Discussion done with Haarsh Sir - Report to be shared showing Ra within range.,L3,6/28/2026,
ESC-141,_,Not Found,Not Found,,,Grinding ,L1,Ankit,Helper khali nhi hai,Sabko puchha koe khali nhi hai...,6/29/2026 10:28:11,Closed,,Matter closed by doer within 30 min.,L2,6/29/2026,
ESC-142,KP-561-02,SRI VENKATESWARA AEROSPACE PRIVATE LIMITED,KV Wing Panel,2,C20/4,Quality ,L1,Jagannath,visual issues ( black spots observed),_,6/29/2026 11:18:18,Open,,,,,
ESC-143,Kp-509-01,Vinsak India PVT. LTD. ,Aluminium Roller,2,B-37,CRM,L1,Hemangi,Vinsak India pvt ltd Aluminium roller quantity 2 delivery date was 23/06/2026 is pending in production stage comment is mentioned in production that coting material is not available delivery date will be confirm after availability of coting material ,_,6/29/2026 11:18:31,Closed,,Delivery will take further 5 weeks ,L3,6/29/2026,
ESC-143,Kp-509-01,Vinsak India PVT. LTD. ,Aluminium Roller,2,B-37,CRM,L2,Hemangi,Vinsak India pvt ltd Aluminium roller quantity 2 delivery date was 23/06/2026 is pending in production stage comment is mentioned in production that coting material is not available delivery date will be confirm after availability of coting material ,-,6/29/2026 11:19:15,Closed,,Delivery will take further 5 weeks ,L3,6/29/2026,
ESC-143,Kp-509-01,Vinsak India PVT. LTD. ,Aluminium Roller,2,B-37,CRM,L3,Hemangi,Vinsak India pvt ltd Aluminium roller quantity 2 delivery date was 23/06/2026 is pending in production stage comment is mentioned in production that coting material is not available delivery date will be confirm after availability of coting material ,Sealant not available.,6/29/2026 11:22:41,Closed,,Delivery will take further 5 weeks ,L3,6/29/2026,
ESC-142,KP-561-02,SRI VENKATESWARA AEROSPACE PRIVATE LIMITED,KV Wing Panel,2,C20/4,Quality ,L2,Jagannath,visual issues ( black spots observed),-,6/29/2026 11:39:26,Open,,,,,
ESC-144,KP-561-01,SRI VENKATESWARA AEROSPACE PRIVATE LIMITED,KV CS Panel,4,C20/4,QC,L1,Musawwir,"Visvual issues found:

1. Fumes Observed
2. Colour variation in 2 nos out of 4
3. Variable Coatings Thickness observed.
4. Black linings and Spots observed  ",Variable Thk might have occured because of different substrate materials.  and   Black/Dirt spot to be cleaned using Acetone,6/29/2026 11:44:47,Closed,,"1. For colour variation spray with 6"" distance. 
2. Hold the CS Panel in Chuck and change robot program to spray Vertically this will avoid fumes entering from back surface. which tends to discolouration.
3. for the Wing Panel spray again with step size reduce to 3mm to avoid lines marks.
4. all edges of the parts to respray again
5. during handling wear plastic gloves/ surgical gloves to avoid fingerprints and avoid keeping on dusty floor / foam sheet.
6. avoid walking on the plates, we have observed footprint on the covered panel.",L2,6/30/2026,
ESC-144,KP-561-01,SRI VENKATESWARA AEROSPACE PRIVATE LIMITED,KV CS Panel,4,C20/4,QC,L2,Musawwir,"Visvual issues found:

1. Fumes Observed
2. Colour variation in 2 nos out of 4
3. Variable Coatings Thickness observed.
4. Black linings and Spots observed  ",-,6/29/2026 11:45:04,Closed,,"1. For colour variation spray with 6"" distance. 
2. Hold the CS Panel in Chuck and change robot program to spray Vertically this will avoid fumes entering from back surface. which tends to discolouration.
3. for the Wing Panel spray again with step size reduce to 3mm to avoid lines marks.
4. all edges of the parts to respray again
5. during handling wear plastic gloves/ surgical gloves to avoid fingerprints and avoid keeping on dusty floor / foam sheet.
6. avoid walking on the plates, we have observed footprint on the covered panel.",L2,6/30/2026,
ESC-141,_,Not Found,Not Found,,,Grinding ,L2,Ankit,Helper khali nhi hai,-,6/29/2026 11:46:03,Closed,,Matter closed by doer within 30 min.,L2,6/29/2026,
ESC-145,KP-576-01,Tata Steel Pvt. Ltd ( Super Castings ( Bombay ) PVT. LTD ),Hearth Roll,5,B-37,Office ,L1,Jitu,"Still we have not received any packing details,
Without packing details unable to arrange transport ","Ask qc person, office team B 37",6/29/2026 13:11:13,Closed,,I need to speak with QC and Office on this matter tomorrow ,L3,6/29/2026,
ESC-145,KP-576-01,Tata Steel Pvt. Ltd ( Super Castings ( Bombay ) PVT. LTD ),Hearth Roll,5,B-37,Office ,L2,Jitu,"Still we have not received any packing details,
Without packing details unable to arrange transport ",It seems wrong KP no is mentioned here.  Tata's job against KP 604-01 JC 11711 - 5 Nos. (3 rolls are handed from production for final inspection today)  VG is doing the FIR.,6/29/2026 13:54:05,Closed,,I need to speak with QC and Office on this matter tomorrow ,L3,6/29/2026,
ESC-145,KP-576-01,Tata Steel Pvt. Ltd ( Super Castings ( Bombay ) PVT. LTD ),Hearth Roll,5,B-37,Office ,L3,Jitu,"Still we have not received any packing details,
Without packing details unable to arrange transport ",KP-576 is ready not KP-604. Material handover to quality today 9.30 AM. Production received roll on Saturday 4 PM from heat treatment.,6/29/2026 14:07:26,Closed,,I need to speak with QC and Office on this matter tomorrow ,L3,6/29/2026,
ESC-146,-,Not Found,Not Found,,,Admin,L1,Sonal,"We purchased samples from OHM Enterprise for a Siemens customer... Now, I'm not sure how to record this entry... whether a sales order needs to be generated or not.
",-,7/1/2026 9:44:44,Closed,,Make KP no for this in system a put on data card . Make this standard procedure . For all data cards kP no has to be their for traceability on sheets ,L3,7/1/2026,
ESC-146,-,Not Found,Not Found,,,Admin,L2,Sonal,"We purchased samples from OHM Enterprise for a Siemens customer... Now, I'm not sure how to record this entry... whether a sales order needs to be generated or not.
",-,7/1/2026 9:59:17,Closed,,Make KP no for this in system a put on data card . Make this standard procedure . For all data cards kP no has to be their for traceability on sheets ,L3,7/1/2026,
ESC-146,-,Not Found,Not Found,,,Admin,L3,Sonal,"We purchased samples from OHM Enterprise for a Siemens customer... Now, I'm not sure how to record this entry... whether a sales order needs to be generated or not.
","We will not generate SO as OHM is our vendor and Siemens will not give any challan for preparing SO.
My Suggestions
we can prepare Data card. spray the samples and prepare Lab Report in the name of Siemen.  we are doing Internal Samples for powder Qualification. Also As we are regularly giving to other Customers like TATA, JSW, AMNS by preparing Blank Job Card as the samples are not tested inhouse.

for all the above No KP No is generated.",7/1/2026 10:13:44,Closed,,Make KP no for this in system a put on data card . Make this standard procedure . For all data cards kP no has to be their for traceability on sheets ,L3,7/1/2026,
ESC-147,KP-556-02,Sanjay Engineering Work,Bearing Bowl Shaft,1,B-37,QC,L1,Musawwir,Araldite Filling not done yet,-,7/1/2026 10:23:48,Open,,,,,
ESC-147,KP-556-02,Sanjay Engineering Work,Bearing Bowl Shaft,1,B-37,QC,L2,Musawwir,Araldite Filling not done yet,-,7/1/2026 10:24:30,Open,,,,,
ESC-148,KP-653-01,Kalapi Engineering Associates Pvt. Ltd,Shaft (RC26-2092),2,B-37,PPC ,L1,Pravin,"JC No. 11806A Kalapi Engineering pvt. ltd. shaft (RC26-2092) Ready for spraying,
But METCO 42-C Powder not available in store ",I have escalate it,7/1/2026 10:44:01,Open,,,,,
ESC-148,KP-653-01,Kalapi Engineering Associates Pvt. Ltd,Shaft (RC26-2092),2,B-37,PPC ,L2,Pravin,"JC No. 11806A Kalapi Engineering pvt. ltd. shaft (RC26-2092) Ready for spraying,
But METCO 42-C Powder not available in store ",-,7/1/2026 11:19:15,Open,,,,,
ESC-148,KP-653-01,Kalapi Engineering Associates Pvt. Ltd,Shaft (RC26-2092),2,B-37,PPC ,L3,Pravin,"JC No. 11806A Kalapi Engineering pvt. ltd. shaft (RC26-2092) Ready for spraying,
But METCO 42-C Powder not available in store ","2 No's shaft we have completed spraying.
4 No's are balance with us and 5 No's are yet to come.",7/1/2026 11:36:30,Open,,,,,
ESC-149,_,Not Found,Not Found,,,CRM,L1,Hemangi,Taking followup multiple times from BATL for PO but not getting response from Rajshekhar he said he spoke to vayanktesh sir and not responding for future update please help ,Taken followup ,7/1/2026 14:57:52,Open,,,,,
ESC-150,KP-556-04,Sanjay Engineering Work,Bearing Column Shaft ,2,B-37,QC,L1,Musawwir,ID found +0.02 than the Required Size ,-,7/1/2026 15:13:58,Closed,,Send deviation report and do not check any material in AC except Kalapi - BH,L2,7/1/2026,
ESC-151,KP-556-05,Sanjay Engineering Work,Bearing Seal Housing Shaft,1,B-37,QC,L1,Musawwir,ID found +0.02 than the Required Size ,-,7/1/2026 15:14:39,Closed,,Send deviation report and do not check any material in AC except Kalapi - BH.,L2,7/1/2026,
ESC-150,KP-556-04,Sanjay Engineering Work,Bearing Column Shaft ,2,B-37,QC,L2,Musawwir,ID found +0.02 than the Required Size ,-,7/1/2026 15:14:55,Closed,,Send deviation report and do not check any material in AC except Kalapi - BH,L2,7/1/2026,
ESC-151,KP-556-05,Sanjay Engineering Work,Bearing Seal Housing Shaft,1,B-37,QC,L2,Musawwir,ID found +0.02 than the Required Size ,-,7/1/2026 15:15:11,Closed,,Send deviation report and do not check any material in AC except Kalapi - BH.,L2,7/1/2026,
ESC-149,_,Not Found,Not Found,,,CRM,L2,Hemangi,Taking followup multiple times from BATL for PO but not getting response from Rajshekhar he said he spoke to vayanktesh sir and not responding for future update please help ,-,7/1/2026 15:28:11,Open,,,,,
ESC-149,_,Not Found,Not Found,,,CRM,L3,Hemangi,Taking followup multiple times from BATL for PO but not getting response from Rajshekhar he said he spoke to vayanktesh sir and not responding for future update please help ,-,7/1/2026 15:28:33,Open,,,,,
ESC-152,KP-602,Not Found,Not Found,,,Admin,L1,Sonal,"We have received a total of 13 sample units.
However, the customer has sent a purchase order with different rates based on the testing requirements, listing 7 separate line items.
How should I enter this into our system now—based on the PO or the challan?
For the time being, I have made the entry (4 line items) in the Google Sheet and SQL software based on the challan.",-,7/1/2026 17:22:51,Closed,,"Please make the entry in the Google FMS sheet for the coating work as per the challan only. Also, make the billing entry in SQL as per the PO only.",L1,7/2/2026,
ESC-153,-,Not Found,Not Found,,,PC ,L1,Amruta,"I’m following up on the Store IMS B-37 sheet. However, the entries have not been updated yet",I’m following up with Pandey Uncle regarding this.,7/2/2026 9:49:04,Closed,,"Please send Priya to check register entries .
 I will also speak with Pandey ji on same and Amruta and Priya to take feedback from me 11:30 am ",L3,7/2/2026,
ESC-153,-,Not Found,Not Found,,,PC ,L2,Amruta,"I’m following up on the Store IMS B-37 sheet. However, the entries have not been updated yet",-,7/2/2026 9:50:04,Closed,,"Please send Priya to check register entries .
 I will also speak with Pandey ji on same and Amruta and Priya to take feedback from me 11:30 am ",L3,7/2/2026,
ESC-153,-,Not Found,Not Found,,,PC ,L3,Amruta,"I’m following up on the Store IMS B-37 sheet. However, the entries have not been updated yet",-,7/2/2026 9:50:21,Closed,,"Please send Priya to check register entries .
 I will also speak with Pandey ji on same and Amruta and Priya to take feedback from me 11:30 am ",L3,7/2/2026,
ESC-154,KP-670-01,Shree Krishna Engineering Co.,Block,2,B-37,Qc ,L1,Vaibhav,During pre-insp welding patch & blow hole observed in coating area ,biltap to Acro coating ,7/2/2026 10:49:34,Closed,,Email to customer. Keeping Usha Martin and ranjana in cc. We will try to repair. ,L2,7/2/2026,
ESC-154,KP-670-01,Shree Krishna Engineering Co.,Block,2,B-37,Qc ,L2,Vaibhav,During pre-insp welding patch & blow hole observed in coating area ,Blow holes to be filled by arco process or by welding,7/2/2026 10:55:25,Closed,,Email to customer. Keeping Usha Martin and ranjana in cc. We will try to repair. ,L2,7/2/2026,
ESC-155,643-01,Not Found,Not Found,,,Quality,L1,Jagannath,coting length required 17.5 but observed coating length 17.20/48,_,7/2/2026 11:56:08,Closed,,Check last time report and verify. If same length accepted by customer. Dispatch the job,L2,7/2/2026,
ESC-155,643-01,Not Found,Not Found,,,Quality,L2,Jagannath,coting length required 17.5 but observed coating length 17.20/48,-,7/2/2026 12:15:46,Closed,,Check last time report and verify. If same length accepted by customer. Dispatch the job,L2,7/2/2026,
ESC-156,-,Not Found,Not Found,,,qc,L1,Vaibhav,ksb required Go & No go gauge from psp,send to customer go & no go gauge ,7/2/2026 12:17:37,Closed,,Send Guage Go no go on returnable challan important,L3,7/2/2026,
ESC-156,-,Not Found,Not Found,,,qc,L2,Vaibhav,ksb required Go & No go gauge from psp,Send gauges to customer,7/2/2026 12:25:16,Closed,,Send Guage Go no go on returnable challan important,L3,7/2/2026,
ESC-156,-,Not Found,Not Found,,,qc,L3,Vaibhav,ksb required Go & No go gauge from psp,If customer can give their gauge then we can give our. We required gauge for last plunger.,7/2/2026 12:27:52,Closed,,Send Guage Go no go on returnable challan important,L3,7/2/2026,
ESC-157,_,Not Found,Not Found,,,CRM,L1,Hemangi,Not able to get feedback from exelcraft and shree Durga ,Call and mail done not getting proper response ,7/2/2026 13:59:44,Closed,,Do not take it from them. You can take it from other customers. ,L3,7/2/2026,
ESC-157,_,Not Found,Not Found,,,CRM,L2,Hemangi,Not able to get feedback from exelcraft and shree Durga ,-,7/2/2026 14:27:58,Closed,,Do not take it from them. You can take it from other customers. ,L3,7/2/2026,
ESC-157,_,Not Found,Not Found,,,CRM,L3,Hemangi,Not able to get feedback from exelcraft and shree Durga ,-,7/2/2026 14:28:11,Closed,,Do not take it from them. You can take it from other customers. ,L3,7/2/2026,
ESC-158,-,Not Found,Not Found,,,MIS,L1,Priya,"Give me confirmation about requisition items purchase by Kunda Madam. As per harsh sir, all items for B-37 to be purchased  by Kunda except belt, dia, spray part. and as per DDD sir 50 plus items only purchase by Kunda. Since I have to prepare IMS for B-37 please give me clearification on this.","Check with DDD , Pandey ji , Kunda as per Kunda she will purchase all items for B-37",7/4/2026 9:52:54,Open,,,,,
ESC-159,KP-664-01,Azad Engineering Ltd,Vane Turbine Bling ,1,C20/4,Quality ,L1,Shishir,ID dia required after coating 238.90/239.00 (480_500mic thk) but actual Dia observed after coating 238.65/70(640-660mic),We have Escalated ,7/4/2026 10:49:37,Closed,,"check with micrometer in thk of the part, if thk is not within the range of 400-500 microns, remove coating and respray",L2,7/4/2026,
ESC-160,KP-664-02,Azad Engineering Ltd,Vane Turbine Bling ,1,C20/4,Quality ,L1,Shishir,ID dia required after coating 238.90/239.00 (480_500mic thk) but actual Dia observed after coating 238.85/90(525-535mic),Escalate ,7/4/2026 10:50:56,Closed,,"Take deviation from Customer, as this is as sprayed coating. pl send IR to Azad.",L2,7/4/2026,
ESC-160,KP-664-02,Azad Engineering Ltd,Vane Turbine Bling ,1,C20/4,Quality ,L2,Shishir,ID dia required after coating 238.90/239.00 (480_500mic thk) but actual Dia observed after coating 238.85/90(525-535mic),-,7/4/2026 10:52:50,Closed,,"Take deviation from Customer, as this is as sprayed coating. pl send IR to Azad.",L2,7/4/2026,
ESC-159,KP-664-01,Azad Engineering Ltd,Vane Turbine Bling ,1,C20/4,Quality ,L2,Shishir,ID dia required after coating 238.90/239.00 (480_500mic thk) but actual Dia observed after coating 238.65/70(640-660mic),-,7/4/2026 11:36:42,Closed,,"check with micrometer in thk of the part, if thk is not within the range of 400-500 microns, remove coating and respray",L2,7/4/2026,
ESC-161,-,Not Found,Not Found,,,Office ,L1,Vaishnavi,"Cannot open SQL, from last 2 hours",Contacted to Abhishek ,7/4/2026 12:10:30,Closed,,This is horizon quaries not escalation,L1,7/6/2026,
ESC-162,KP-676-01 & KP-678-01,Not Found,Not Found,,,Admin,L1,Sonal,"We have received the material from Godrej, but the customer did not provide the purchase order details. The material was sent with a simple challan that does not mention the purchase order number.","Call,Email, & Whatsapp msg",7/4/2026 13:58:52,Closed,,Clinch quote and make only PIR,L3,7/5/2026,
ESC-163,"KP-538-01, KP-538-04, KP-538-07, KP-538-17, KP-538-20 ,KP-538-23 ,KP-538-09, KP-538-12 ,KP-538-15.",Not Found,Not Found,,,PC,L1,Amruta,"An entry has been made in Billing & Dispatch for Azad. I followed up with Abhishek, and he informed me that the sample had been sent for outsourcing. Then I checked with Laxmi Ma'am, and she confirmed that the sample is with the outsourcing team and the final form has already been filled. She also said that once the sample is checked and returned from outsourcing, it will be dispatched directly. Therefore, the entry is currently delayed in Billing & Dispatch and is still showing as open.",Followup with abhishek & Laxmi mam,7/4/2026 14:13:16,Closed,,"The entry should be removed from Billing & Dispatch. When the outsourced material is received, the documents will be checked, and the Final Inspection form will be filled out. Only after the Final Inspection form is completed will the date and entry be updated in Billing & Dispatch. (DDD) 04/06/2026 ",L3,7/4/2026,
ESC-163,"KP-538-01, KP-538-04, KP-538-07, KP-538-17, KP-538-20 ,KP-538-23 ,KP-538-09, KP-538-12 ,KP-538-15.",Not Found,Not Found,,,PC,L2,Amruta,"An entry has been made in Billing & Dispatch for Azad. I followed up with Abhishek, and he informed me that the sample had been sent for outsourcing. Then I checked with Laxmi Ma'am, and she confirmed that the sample is with the outsourcing team and the final form has already been filled. She also said that once the sample is checked and returned from outsourcing, it will be dispatched directly. Therefore, the entry is currently delayed in Billing & Dispatch and is still showing as open.",-,7/4/2026 14:13:46,Closed,,"The entry should be removed from Billing & Dispatch. When the outsourced material is received, the documents will be checked, and the Final Inspection form will be filled out. Only after the Final Inspection form is completed will the date and entry be updated in Billing & Dispatch. (DDD) 04/06/2026 ",L3,7/4/2026,
ESC-163,"KP-538-01, KP-538-04, KP-538-07, KP-538-17, KP-538-20 ,KP-538-23 ,KP-538-09, KP-538-12 ,KP-538-15.",Not Found,Not Found,,,PC,L3,Amruta,"An entry has been made in Billing & Dispatch for Azad. I followed up with Abhishek, and he informed me that the sample had been sent for outsourcing. Then I checked with Laxmi Ma'am, and she confirmed that the sample is with the outsourcing team and the final form has already been filled. She also said that once the sample is checked and returned from outsourcing, it will be dispatched directly. Therefore, the entry is currently delayed in Billing & Dispatch and is still showing as open.",-,7/4/2026 14:14:00,Closed,,"The entry should be removed from Billing & Dispatch. When the outsourced material is received, the documents will be checked, and the Final Inspection form will be filled out. Only after the Final Inspection form is completed will the date and entry be updated in Billing & Dispatch. (DDD) 04/06/2026 ",L3,7/4/2026,
ESC-164,"KP-556-01, KP-556-02, KP-556-04, KP-556-05",Not Found,Not Found,,,QC,L1,Musawwir,Have Mailed reports to customer for Clearance hence need to stop Final Insp Time until clearance is received ,-,7/4/2026 14:39:11,Open,,,,,
ESC-164,"KP-556-01, KP-556-02, KP-556-04, KP-556-05",Not Found,Not Found,,,QC,L2,Musawwir,Have Mailed reports to customer for Clearance hence need to stop Final Insp Time until clearance is received ,-,7/4/2026 14:39:50,Open,,,,,
ESC-164,"KP-556-01, KP-556-02, KP-556-04, KP-556-05",Not Found,Not Found,,,QC,L3,Musawwir,Have Mailed reports to customer for Clearance hence need to stop Final Insp Time until clearance is received ,If customer clearance pending. Inspection timing can be stop,7/4/2026 14:43:20,Open,,,,,
ESC-165,KP-686-01,Sulzer Pumps India Pvt Ltd,Impeller,8,B-37,Admin ,L1,Sonal,"M.K.Industries customer says the quotation rate hasn't been finalized yet and discussion with your team are still ongoing; he will send the purchase order only after the rate is finalized. So, how I am supposed to process the job in this situation?",Call & Email ,7/4/2026 14:52:05,Closed,,it will go in quarantine . Inform customer that provide zero value for now so we can process . So job can proceed and  Ranjana madam to speak with customer today or  tomorrow. Finalize negotiation and then can get ammendment,L3,7/4/2026,
ESC-165,KP-686-01,Sulzer Pumps India Pvt Ltd,Impeller,8,B-37,Admin ,L2,Sonal,"M.K.Industries customer says the quotation rate hasn't been finalized yet and discussion with your team are still ongoing; he will send the purchase order only after the rate is finalized. So, how I am supposed to process the job in this situation?",-,7/4/2026 15:34:06,Closed,,it will go in quarantine . Inform customer that provide zero value for now so we can process . So job can proceed and  Ranjana madam to speak with customer today or  tomorrow. Finalize negotiation and then can get ammendment,L3,7/4/2026,
ESC-165,KP-686-01,Sulzer Pumps India Pvt Ltd,Impeller,8,B-37,Admin ,L3,Sonal,"M.K.Industries customer says the quotation rate hasn't been finalized yet and discussion with your team are still ongoing; he will send the purchase order only after the rate is finalized. So, how I am supposed to process the job in this situation?",need discount,7/4/2026 15:37:24,Closed,,it will go in quarantine . Inform customer that provide zero value for now so we can process . So job can proceed and  Ranjana madam to speak with customer today or  tomorrow. Finalize negotiation and then can get ammendment,L3,7/4/2026,
ESC-166,KP-662-01,Sulzer Pumps India Pvt Ltd,Case Wear Ring,1,B-37,Qc,L1,Vaibhav,step felt when touched by fingers,-,7/4/2026 16:05:05,Closed,,Customer clearance received for dispatch ,L2,7/4/2026,
ESC-166,KP-662-01,Sulzer Pumps India Pvt Ltd,Case Wear Ring,1,B-37,Qc,L2,Vaibhav,step felt when touched by fingers,-,7/4/2026 16:05:31,Closed,,Customer clearance received for dispatch ,L2,7/4/2026,
ESC-162,KP-676-01 & KP-678-01,Not Found,Not Found,,,Admin,L2,Sonal,"We have received the material from Godrej, but the customer did not provide the purchase order details. The material was sent with a simple challan that does not mention the purchase order number.",-,7/5/2026 10:13:15,Closed,,Clinch quote and make only PIR,L3,7/5/2026,
ESC-162,KP-676-01 & KP-678-01,Not Found,Not Found,,,Admin,L3,Sonal,"We have received the material from Godrej, but the customer did not provide the purchase order details. The material was sent with a simple challan that does not mention the purchase order number.",-,7/5/2026 10:13:44,Closed,,Clinch quote and make only PIR,L3,7/5/2026,
ESC-167,-,Not Found,Not Found,,,Purchase,L1,Ashvini,"ST-1:1083 Polyurethane Tube & O-ring quotation has not been received yet. As per the planning sheet, the planned date has already been exceeded.",Followup with vendor,7/5/2026 12:05:34,Closed,,"Step 1- vendor supplier list . The  vendor we are contacting is he there on the list ?
Step 2- check if any other vendors from the list supply same material 
Step 3- Email and vendor today and call him “ We have emailed you on date 1-   Date 2 -  for quotation reminder. We have not yet received the quote . We have called you on. Date 1 -    Date 2 - as well . If you are unable  to provide  a timely quote our work gets delayed. Do let us know the reason for delay in providing quote and we would be help in clarifications with any queries .  
Step 4 - Go to google and search for other one or two vendors in case our Suplier list has less then two for Same items . Send them email and call them expressing our interest to getting a quote from them . 

For above all steps include me and Haarsh sir in BCC ",L3,7/5/2026,
ESC-167,-,Not Found,Not Found,,,Purchase,L2,Ashvini,"ST-1:1083 Polyurethane Tube & O-ring quotation has not been received yet. As per the planning sheet, the planned date has already been exceeded.",-,7/5/2026 12:15:43,Closed,,"Step 1- vendor supplier list . The  vendor we are contacting is he there on the list ?
Step 2- check if any other vendors from the list supply same material 
Step 3- Email and vendor today and call him “ We have emailed you on date 1-   Date 2 -  for quotation reminder. We have not yet received the quote . We have called you on. Date 1 -    Date 2 - as well . If you are unable  to provide  a timely quote our work gets delayed. Do let us know the reason for delay in providing quote and we would be help in clarifications with any queries .  
Step 4 - Go to google and search for other one or two vendors in case our Suplier list has less then two for Same items . Send them email and call them expressing our interest to getting a quote from them . 

For above all steps include me and Haarsh sir in BCC ",L3,7/5/2026,
ESC-167,-,Not Found,Not Found,,,Purchase,L3,Ashvini,"ST-1:1083 Polyurethane Tube & O-ring quotation has not been received yet. As per the planning sheet, the planned date has already been exceeded.",-,7/5/2026 12:15:57,Closed,,"Step 1- vendor supplier list . The  vendor we are contacting is he there on the list ?
Step 2- check if any other vendors from the list supply same material 
Step 3- Email and vendor today and call him “ We have emailed you on date 1-   Date 2 -  for quotation reminder. We have not yet received the quote . We have called you on. Date 1 -    Date 2 - as well . If you are unable  to provide  a timely quote our work gets delayed. Do let us know the reason for delay in providing quote and we would be help in clarifications with any queries .  
Step 4 - Go to google and search for other one or two vendors in case our Suplier list has less then two for Same items . Send them email and call them expressing our interest to getting a quote from them . 

For above all steps include me and Haarsh sir in BCC ",L3,7/5/2026,
ESC-168,KP-665-01 KP-665-02 KP-672-01 KP-672-02 KP-672-03 KP-673-01 KP-673-02 KP-673-03,Not Found,Not Found,,,PC,L1,Amruta,"The pre-inspection for the following items was completed on 02/07/2026: 11853A, 11853A, 11855A, 11855B, 11855C, 11854A, 11854B, 11854C. However, the inspection form has not yet been filled by Laxmi Ma'am. I have already followed up regarding this, and she mentioned that she will complete the form",Followup with laxmi mam,7/5/2026 14:53:08,Closed,,"Please ask MIS  to fill it over phone with Laxmi . If they are not filling MIS will mark done . 
",L3,7/5/2026,
ESC-168,KP-665-01 KP-665-02 KP-672-01 KP-672-02 KP-672-03 KP-673-01 KP-673-02 KP-673-03,Not Found,Not Found,,,PC,L2,Amruta,"The pre-inspection for the following items was completed on 02/07/2026: 11853A, 11853A, 11855A, 11855B, 11855C, 11854A, 11854B, 11854C. However, the inspection form has not yet been filled by Laxmi Ma'am. I have already followed up regarding this, and she mentioned that she will complete the form",-,7/5/2026 14:54:11,Closed,,"Please ask MIS  to fill it over phone with Laxmi . If they are not filling MIS will mark done . 
",L3,7/5/2026,
ESC-168,KP-665-01 KP-665-02 KP-672-01 KP-672-02 KP-672-03 KP-673-01 KP-673-02 KP-673-03,Not Found,Not Found,,,PC,L3,Amruta,"The pre-inspection for the following items was completed on 02/07/2026: 11853A, 11853A, 11855A, 11855B, 11855C, 11854A, 11854B, 11854C. However, the inspection form has not yet been filled by Laxmi Ma'am. I have already followed up regarding this, and she mentioned that she will complete the form",-,7/5/2026 14:54:51,Closed,,"Please ask MIS  to fill it over phone with Laxmi . If they are not filling MIS will mark done . 
",L3,7/5/2026,
ESC-169,-,Not Found,Not Found,,,Store ,L1,Arpit,"sab mujhe requisition bana ne bolte hai to mai IMS sheet mai se requsation nhi bana pata to mujhe requsation ke book mai hi entry karni padti hai for (  ex -  Maintenance , Electrition , avinash , ashvini mam ) ye sab to us time main IMS main se Print end approval nhi le pata ",-,7/5/2026 16:02:02,Closed,,"1️⃣ User sends example / photo of requisition  
(Maintenance / Avinash / Ashvini / others). 

(
// comment for next time - I can explain proactively next time it occurs for one two or three times . I will need all L1 , L2 , Doer present . Purchase person also ..)

2️⃣ Check IMS stock list for that item
•	If item present and stock > 0 → Issue material, close
•	If item present but stock = 0 → Go to step 3
•	If item not in list → Go to step 3
3️⃣ Check IMS settings for that item
•	Are Max Level and MOQ defined?
•	If NOT defined → Escalate: item master wrong / incomplete, follow item-creation procedure
•	If defined → Check Reorder Qty vs current stock
4️⃣ If current stock < Reorder Qty
•	Re-run IMS formula / script
•	If item appears in IMS reorder list →
•	Print on IMS Daily Approval Sheet
•
•	Proceed for  purchase / replenishment approval as per daily sheet 
•	If item still does NOT appear →
•	Escalate to MIS (script / config error)
Clarified earlier  who will add / correct and how to add. Will explain again . Need MIS present . Along side Purchase person stores . And L1 and L2 . 
5️⃣ Ensure doer, L1 and L2 all know this flow and follow it.

For Maitenance they have their link . The can generate through that link . For stores they can use the stores link . For others they will have to come to stores for time being


",L3,7/5/2026,
ESC-169,-,Not Found,Not Found,,,Store ,L2,Arpit,"sab mujhe requisition bana ne bolte hai to mai IMS sheet mai se requsation nhi bana pata to mujhe requsation ke book mai hi entry karni padti hai for (  ex -  Maintenance , Electrition , avinash , ashvini mam ) ye sab to us time main IMS main se Print end approval nhi le pata ",-,7/5/2026 16:02:28,Closed,,"1️⃣ User sends example / photo of requisition  
(Maintenance / Avinash / Ashvini / others). 

(
// comment for next time - I can explain proactively next time it occurs for one two or three times . I will need all L1 , L2 , Doer present . Purchase person also ..)

2️⃣ Check IMS stock list for that item
•	If item present and stock > 0 → Issue material, close
•	If item present but stock = 0 → Go to step 3
•	If item not in list → Go to step 3
3️⃣ Check IMS settings for that item
•	Are Max Level and MOQ defined?
•	If NOT defined → Escalate: item master wrong / incomplete, follow item-creation procedure
•	If defined → Check Reorder Qty vs current stock
4️⃣ If current stock < Reorder Qty
•	Re-run IMS formula / script
•	If item appears in IMS reorder list →
•	Print on IMS Daily Approval Sheet
•
•	Proceed for  purchase / replenishment approval as per daily sheet 
•	If item still does NOT appear →
•	Escalate to MIS (script / config error)
Clarified earlier  who will add / correct and how to add. Will explain again . Need MIS present . Along side Purchase person stores . And L1 and L2 . 
5️⃣ Ensure doer, L1 and L2 all know this flow and follow it.

For Maitenance they have their link . The can generate through that link . For stores they can use the stores link . For others they will have to come to stores for time being


",L3,7/5/2026,
ESC-169,-,Not Found,Not Found,,,Store ,L3,Arpit,"sab mujhe requisition bana ne bolte hai to mai IMS sheet mai se requsation nhi bana pata to mujhe requsation ke book mai hi entry karni padti hai for (  ex -  Maintenance , Electrition , avinash , ashvini mam ) ye sab to us time main IMS main se Print end approval nhi le pata ",-,7/5/2026 16:02:49,Closed,,"1️⃣ User sends example / photo of requisition  
(Maintenance / Avinash / Ashvini / others). 

(
// comment for next time - I can explain proactively next time it occurs for one two or three times . I will need all L1 , L2 , Doer present . Purchase person also ..)

2️⃣ Check IMS stock list for that item
•	If item present and stock > 0 → Issue material, close
•	If item present but stock = 0 → Go to step 3
•	If item not in list → Go to step 3
3️⃣ Check IMS settings for that item
•	Are Max Level and MOQ defined?
•	If NOT defined → Escalate: item master wrong / incomplete, follow item-creation procedure
•	If defined → Check Reorder Qty vs current stock
4️⃣ If current stock < Reorder Qty
•	Re-run IMS formula / script
•	If item appears in IMS reorder list →
•	Print on IMS Daily Approval Sheet
•
•	Proceed for  purchase / replenishment approval as per daily sheet 
•	If item still does NOT appear →
•	Escalate to MIS (script / config error)
Clarified earlier  who will add / correct and how to add. Will explain again . Need MIS present . Along side Purchase person stores . And L1 and L2 . 
5️⃣ Ensure doer, L1 and L2 all know this flow and follow it.

For Maitenance they have their link . The can generate through that link . For stores they can use the stores link . For others they will have to come to stores for time being


",L3,7/5/2026,
ESC-170,687-01,Not Found,Not Found,,,Quality,L1,Jagannath,During Pre-Inspection Coating Area Finished Observed.,-,7/5/2026 16:51:07,Closed,,If no undercut ... no coating ..... recheck dimension ,L2,7/5/2026,
ESC-170,687-01,Not Found,Not Found,,,Quality,L2,Jagannath,During Pre-Inspection Coating Area Finished Observed.,-,7/5/2026 16:56:06,Closed,,If no undercut ... no coating ..... recheck dimension ,L2,7/5/2026,
ESC-171,KP-576-01,Tata Steel Pvt. Ltd ( Super Castings ( Bombay ) PVT. LTD ),Hearth Roll,5,B-37,Admin,L1,Jitu,"I have been assigned the task of dispatching this roll on 30/06/2026, but it is still not ready. How am I supposed to dispatch it?","I have already informed Amruta to close this task because the roll is not ready. However, the task is still pending. ",7/6/2026 13:00:13,Open,,,,,
ESC-171,KP-576-01,Tata Steel Pvt. Ltd ( Super Castings ( Bombay ) PVT. LTD ),Hearth Roll,5,B-37,Admin,L2,Jitu,"I have been assigned the task of dispatching this roll on 30/06/2026, but it is still not ready. How am I supposed to dispatch it?",-,7/6/2026 13:20:45,Open,,,,,
ESC-171,KP-576-01,Tata Steel Pvt. Ltd ( Super Castings ( Bombay ) PVT. LTD ),Hearth Roll,5,B-37,Admin,L3,Jitu,"I have been assigned the task of dispatching this roll on 30/06/2026, but it is still not ready. How am I supposed to dispatch it?",Saturday 4 PM we have received to the after rectification. 1st - super casting roll done. Now tata steel roll under process. It will be ready by today evening and hand over to quality ,7/6/2026 13:25:45,Open,,,,,
ESC-172,KP-561-02,SRI VENKATESWARA AEROSPACE PRIVATE LIMITED,KV Wing Panel,2,C20/4,Qc,L1,Vaibhav,spots obs in coating area ,-,7/6/2026 16:45:37,Open,,,,,
ESC-173,KP-561-03,SRI VENKATESWARA AEROSPACE PRIVATE LIMITED,KV Wing Panel,2,C20/4,qc,L1,Vaibhav,spots obs in coating area ,-,7/6/2026 16:46:19,Open,,,,,
ESC-174,KP-561-01,SRI VENKATESWARA AEROSPACE PRIVATE LIMITED,KV CS Panel,4,C20/4,qc,L1,Jagannath,spots obs in coating area ,-,7/6/2026 16:47:04,Open,,,,,
ESC-172,KP-561-02,SRI VENKATESWARA AEROSPACE PRIVATE LIMITED,KV Wing Panel,2,C20/4,Qc,L2,Vaibhav,spots obs in coating area ,-,7/7/2026 10:35:08,Open,,,,,
ESC-173,KP-561-03,SRI VENKATESWARA AEROSPACE PRIVATE LIMITED,KV Wing Panel,2,C20/4,qc,L2,Vaibhav,spots obs in coating area ,-,7/7/2026 10:35:48,Open,,,,,
ESC-173,KP-561-03,SRI VENKATESWARA AEROSPACE PRIVATE LIMITED,KV Wing Panel,2,C20/4,qc,L3,Vaibhav,spots obs in coating area ,-,7/7/2026 10:43:27,Open,,,,,
ESC-175,-,Not Found,Not Found,,,MIS,L1,Kajal,Please ignore this is dummy entry,-,7/7/2026 10:55:04,Open,,,,,
ESC-001,KP-385-01,Not Found,Not Found,,,Admin,L3,Sonal ,Material received on 11/04/2026 but DC copy not received yet. DC copy received on 15/04/2026  .... but our timing is delay shedule ,⏱ Auto-Escalated (no action within 30 min),7/7/2026 10:59:30,Open,,,,,
ESC-008,-,Not Found,Not Found,,,MIS,L3,Kajal,Need Internal Schedule from QA Department for upcoming Month(May-26),⏱ Auto-Escalated (no action within 30 min),7/7/2026 10:59:31,Open,,,,,
ESC-010,KP-377-01,Godrej & Boyce Mfg. Co. Ltd,Blade Rotor Stage II,2,C20/4,CRM,L3,Namrata,Godrej & Boyce Mfg. Co. Ltd (Challan No. C42021107) Pending po from customer ,⏱ Auto-Escalated (no action within 30 min),7/7/2026 10:59:33,Open,,,,,
ESC-012,-,Not Found,Not Found,,,Sales,L2,Venkatesh ,Get customer contact & arrange calls - west coast,⏱ Auto-Escalated (no action within 30 min),7/7/2026 10:59:34,Open,,,,,
ESC-013,-,Not Found,Not Found,,,Sales,L2,Venkatesh ,Get customer contact & arrange calls - Kuantam paper,⏱ Auto-Escalated (no action within 30 min),7/7/2026 10:59:36,Open,,,,,
ESC-014,KP-330-01,Extreme Feedscrew Coatings Pvt Ltd,Body Chamber Assly.,1,C20/4,QC,L3,Shisir Kumar Jena ,"In the job, damage was found in the non-coating area during the final inspection and the material was OK during the pre-inspection, but its pre-photographs were deleted by mistake. What to do next, kindly suggest.",⏱ Auto-Escalated (no action within 30 min),7/7/2026 10:59:37,Open,,,,,
ESC-015,-,Not Found,Not Found,,,-,L3,Ashwini ,Unable to reply to Dhaval sir's  questions regarding modern engery service,⏱ Auto-Escalated (no action within 30 min),7/7/2026 10:59:38,Open,,,,,
ESC-016,-,Not Found,Not Found,,,Purchase,L2,Ashvini mane,Should be ready by tomorrow base plate and they will dispatch it after receipt balance payment,⏱ Auto-Escalated (no action within 30 min),7/7/2026 10:59:39,Open,,,,,
ESC-023,.,Not Found,Not Found,,,Spraying ,L3,Prism, Fixtures ,⏱ Auto-Escalated (no action within 30 min),7/7/2026 10:59:40,Open,,,,,
ESC-044,-,Not Found,Not Found,,,Quality ,L2,Shisir ,Q2P List not opening on My Tab.Showing error ,⏱ Auto-Escalated (no action within 30 min),7/7/2026 10:59:41,Open,,,,,
ESC-054,-,Not Found,Not Found,,,Maintenance ,L2,Jayesh,Have filled requisition for some materials on 16-4-26 but haven't received any,⏱ Auto-Escalated (no action within 30 min),7/7/2026 10:59:42,Open,,,,,
ESC-057,KP-470-01,Apollo Tyres Ltd.,TBR TBM Body PLY Cutter ,1,C20/4,Admin ,L2,Abhishek ,Apollo tyres material received from Apollo chittur when it come to dispatch box lebal given wrong from B37 team now ut goes to Apollo kanchipuram ,⏱ Auto-Escalated (no action within 30 min),7/7/2026 10:59:43,Open,,,,,
ESC-062,KP-454-01,PINNACLE ENGINEERING,Sleeve,1,C20/4,QC,L2,jagannath,0.01+  on od dimensions,⏱ Auto-Escalated (no action within 30 min),7/7/2026 10:59:45,Open,,,,,
ESC-063,-,Not Found,Not Found,,,QA,L2,Laxmi,"All documents have the new logo, except the HORIZON (SQL).",⏱ Auto-Escalated (no action within 30 min),7/7/2026 10:59:46,Open,,,,,
ESC-067,KP-477-01,Gear Master Engineering Corporation,Shaft,25,C20/4,Qality Department,L3,jagannath,#ERROR!,⏱ Auto-Escalated (no action within 30 min),7/7/2026 10:59:48,Open,,,,,
ESC-069,"KP-551-01, 02,03",Not Found,Not Found,,,Admin ,L2,Sonal ,Material of Kalapi Engineering has been received.... Customer is saying that this rework is of PSP and said that I will email you our Kalapi report... Customer has sent the material without email and without any official statement...,⏱ Auto-Escalated (no action within 30 min),7/7/2026 10:59:49,Open,,,,,
ESC-070,KP-553-01,EagleBurgmann India Pvt. Ltd.,Face Housing ,2,C20/4,Admin ,L2,Abhishek ,Eagle face housing job ready for dispatch but not confirm Chargeable or FOC,⏱ Auto-Escalated (no action within 30 min),7/7/2026 10:59:51,Open,,,,,
ESC-074,-,Not Found,Not Found,,,MIS,L2,Kajal,Dummy please ignore ,⏱ Auto-Escalated (no action within 30 min),7/7/2026 10:59:52,Open,,,,,
ESC-077,. ,Not Found,Not Found,,,Spraying ,L2,Prism,"Job card  and Sparying dashboard  with different  kp no mention
Job card worang  parameters mention 
",⏱ Auto-Escalated (no action within 30 min),7/7/2026 10:59:53,Open,,,,,
ESC-079,KP-572-02 KP-572-03 KP-572-04 ,Not Found,Not Found,,,Process cordinator ,L3,Amruta ,"The following items were scheduled on 07/06/2026:
 Flat (3),
 Button (3), 
and Cylinder (6)

 for Godrej & Boyce Mfg. Co. Ltd. However, the work was not completed on that date. It was scheduled again on 08/06/2026, but still remained incomplete. The schedule has been continuing for 3 consecutive days, yet the work has not been completed.",⏱ Auto-Escalated (no action within 30 min),7/7/2026 10:59:54,Open,,,,,
ESC-084,KP-585-01,Manugraph India Ltd Unit no -1,Draw Ring,12,C20/4,Quality ,L2,Shisir Kumar Jena ,Still we didn't have received Manugraph PIR from Admin department. This is a Vip case material. ,⏱ Auto-Escalated (no action within 30 min),7/7/2026 10:59:55,Open,,,,,
ESC-097,-,Not Found,Not Found,,,Qc,L2,Vaibhav,Dashboard updating not properly ( Enteries missing not showing ,⏱ Auto-Escalated (no action within 30 min),7/7/2026 10:59:56,Open,,,,,
ESC-099,-,Not Found,Not Found,,,Process cordinator ,L2,Amruta,"The Screening Interview Sheet (FMS) was previously being updated by Rohit. Currently, entries are not getting recorded in the sheet, even though HR Ma’am is conducting interviews. Could you please let me know whom I should follow up with regarding this issue so that the interview records can be updated in the system...",⏱ Auto-Escalated (no action within 30 min),7/7/2026 10:59:57,Open,,,,,
ESC-102,. ,Not Found,Not Found,,,Sparying ,L3,Prism,"Sparying ka Jo software Hai  
Agar uus me koei chij filp nahi huva  for exp --- delivery date / po  pending  / customers   clernces    / billing 
 Uske  vajse  Sparying dashboard Mai kp no ya oo job card dhikhata nahi Hai sab documents clear hoga us time par dashboard Mai job card dhikhata Hai
",⏱ Auto-Escalated (no action within 30 min),7/7/2026 10:59:58,Open,,,,,
ESC-106,-,Not Found,Not Found,,,Process cordinator ,L2,Amruta,"I followed up with Sakshi regarding the RFQ FMS sheet. Since Divya is absent , the sheet has not been updated yet.",⏱ Auto-Escalated (no action within 30 min),7/7/2026 10:59:59,Open,,,,,
ESC-107,-,Not Found,Not Found,,,Process cordinator ,L2,Amruta,"Regarding the Scanning FMS sheet, Sakshi is currently at the C20 plant. Therefore, the Scanning FMS sheet has not been updated yet..",⏱ Auto-Escalated (no action within 30 min),7/7/2026 11:00:00,Open,,,,,
ESC-108,-,Not Found,Not Found,,,Process cordinator ,L2,Amruta,"Regarding the Order Win FMS sheet, Ranjana Mam is absent . Therefore, the sheet has not been updated yet.",⏱ Auto-Escalated (no action within 30 min),7/7/2026 11:00:02,Open,,,,,
ESC-111,KP-186-01,Raghu Vamsi Machine Tools Pvivate Limited,Top Tube ,2,C20/4,process cordinator ,L3,Amruta,"Outsourcing FMS Sheet  ( material name :-Top tube ) 

On 15/06/2026, a follow-up was taken with Ashwini Ma'am regarding the PO share column . She informed that the vendor had not shared the rate yet. On 16/06/2026, a follow-up was again taken with Ashwini Ma'am, and she informed that due to audit activities, no follow-up could be conducted with the vendor. On 17/06/2026, a further follow-up was taken with Ashwini Ma'am, and she informed that the vendor is expected to share the rate by 12:00 PM.",⏱ Auto-Escalated (no action within 30 min),7/7/2026 11:00:03,Open,,,,,
ESC-115,-,Not Found,Not Found,,,QC,L3,Musawwir,"11747 , 11754, 11753, KP-624-01 can be given to VG for Pre ",⏱ Auto-Escalated (no action within 30 min),7/7/2026 11:00:04,Open,,,,,
ESC-117,-,Not Found,Not Found,,,QC ,L2,Shishir,"The shaft of Pinnacle and the drum assembly of Aditya enterprises and the  PMR Mud  all these materials are currently in B37 and their inspection has been allotted in my name. Actually, I have work in C20 apart from that, you can see in the schedule how much work is there and along with that, I have to manage and do the final inspection of Godrej which does not even come in the schedule and I am doing the same at present. What I am saying is that a lot of material does come in C20 but its final inspection is done in B37 because grinding and all other operations are done there, so it is not possible for me to go to both the companies and handle them physically because I am the only inspector here in C20. So in such cases what  You tell me what you want to do.",⏱ Auto-Escalated (no action within 30 min),7/7/2026 11:00:05,Open,,,,,
ESC-119,. ,Not Found,Not Found,,,Sparying ,L2,Prism,.Sparying kilye Jo bhi job aata Hai uusme  powder Kitna lagne wala  oo lihkar nahi aata office Mai Kitna bar batya to uuka no response  bolte   1 - 1 job card kilye amrshish  sir ki piche  jana padta Hai oo muzse nahi hoga reply aisa kartey hai,⏱ Auto-Escalated (no action within 30 min),7/7/2026 11:00:07,Open,,,,,
ESC-121,-,Not Found,Not Found,,,dummy,L2,Shishir,Kindly ignore checking purpose,⏱ Auto-Escalated (no action within 30 min),7/7/2026 11:00:08,Open,,,,,
ESC-135,_,Not Found,Not Found,,,Grinding ,L3,Aanad,Helper nhi hai job lagane ko,⏱ Auto-Escalated (no action within 30 min),7/7/2026 11:00:10,Open,,,,,
ESC-138,KP-648-01,EagleBurgmann India Pvt. Ltd.,Sleeve,1,C20/4,Quality ,L3,Shishir,"Eagleburgmann Pune Sleeve Qty 01, this material was received on 26th and 26th was Friday, we inspected it on 27th, but I don't know why delay is shown in my name.I'm worried this might cause a score deduction, as I've previously lost points due to incorrect entries under my name.",⏱ Auto-Escalated (no action within 30 min),7/7/2026 11:00:12,Open,,,,,
ESC-142,KP-561-02,SRI VENKATESWARA AEROSPACE PRIVATE LIMITED,KV Wing Panel,2,C20/4,Quality ,L3,Jagannath,visual issues ( black spots observed),⏱ Auto-Escalated (no action within 30 min),7/7/2026 11:00:13,Open,,,,,
ESC-147,KP-556-02,Sanjay Engineering Work,Bearing Bowl Shaft,1,B-37,QC,L3,Musawwir,Araldite Filling not done yet,⏱ Auto-Escalated (no action within 30 min),7/7/2026 11:00:14,Open,,,,,
ESC-158,-,Not Found,Not Found,,,MIS,L2,Priya,"Give me confirmation about requisition items purchase by Kunda Madam. As per harsh sir, all items for B-37 to be purchased  by Kunda except belt, dia, spray part. and as per DDD sir 50 plus items only purchase by Kunda. Since I have to prepare IMS for B-37 please give me clearification on this.",⏱ Auto-Escalated (no action within 30 min),7/7/2026 11:00:16,Open,,,,,
ESC-174,KP-561-01,SRI VENKATESWARA AEROSPACE PRIVATE LIMITED,KV CS Panel,4,C20/4,qc,L2,Jagannath,spots obs in coating area ,⏱ Auto-Escalated (no action within 30 min),7/7/2026 11:00:17,Open,,,,,
ESC-172,KP-561-02,SRI VENKATESWARA AEROSPACE PRIVATE LIMITED,KV Wing Panel,2,C20/4,Qc,L3,Vaibhav,spots obs in coating area ,⏱ Auto-Escalated (no action within 30 min),7/7/2026 11:09:28,Open,,,,,
ESC-176,-,Not Found,Not Found,,,MIS,L1,Kajal,PLEASE IGNORE,-,7/7/2026 11:15:05,Closed,,-,L2,7/7/2026,
ESC-175,-,Not Found,Not Found,,,MIS,L2,Kajal,Please ignore this is dummy entry,⏱ Auto-Escalated (no action within 30 min),7/7/2026 11:29:27,Open,,,,,
ESC-012,-,Not Found,Not Found,,,Sales,L3,Venkatesh ,Get customer contact & arrange calls - west coast,⏱ Auto-Escalated (no action within 30 min),7/7/2026 11:33:20,Open,,,,,
ESC-013,-,Not Found,Not Found,,,Sales,L3,Venkatesh ,Get customer contact & arrange calls - Kuantam paper,⏱ Auto-Escalated (no action within 30 min),7/7/2026 11:33:21,Open,,,,,
ESC-016,-,Not Found,Not Found,,,Purchase,L3,Ashvini mane,Should be ready by tomorrow base plate and they will dispatch it after receipt balance payment,⏱ Auto-Escalated (no action within 30 min),7/7/2026 11:33:23,Open,,,,,
ESC-044,-,Not Found,Not Found,,,Quality ,L3,Shisir ,Q2P List not opening on My Tab.Showing error ,⏱ Auto-Escalated (no action within 30 min),7/7/2026 11:33:24,Open,,,,,
ESC-054,-,Not Found,Not Found,,,Maintenance ,L3,Jayesh,Have filled requisition for some materials on 16-4-26 but haven't received any,⏱ Auto-Escalated (no action within 30 min),7/7/2026 11:33:25,Open,,,,,
ESC-057,KP-470-01,Apollo Tyres Ltd.,TBR TBM Body PLY Cutter ,1,C20/4,Admin ,L3,Abhishek ,Apollo tyres material received from Apollo chittur when it come to dispatch box lebal given wrong from B37 team now ut goes to Apollo kanchipuram ,⏱ Auto-Escalated (no action within 30 min),7/7/2026 11:33:25,Open,,,,,
ESC-062,KP-454-01,PINNACLE ENGINEERING,Sleeve,1,C20/4,QC,L3,jagannath,0.01+  on od dimensions,⏱ Auto-Escalated (no action within 30 min),7/7/2026 11:33:26,Open,,,,,
ESC-063,-,Not Found,Not Found,,,QA,L3,Laxmi,"All documents have the new logo, except the HORIZON (SQL).",⏱ Auto-Escalated (no action within 30 min),7/7/2026 11:33:27,Open,,,,,
ESC-069,"KP-551-01, 02,03",Not Found,Not Found,,,Admin ,L3,Sonal ,Material of Kalapi Engineering has been received.... Customer is saying that this rework is of PSP and said that I will email you our Kalapi report... Customer has sent the material without email and without any official statement...,⏱ Auto-Escalated (no action within 30 min),7/7/2026 11:33:28,Open,,,,,
ESC-070,KP-553-01,EagleBurgmann India Pvt. Ltd.,Face Housing ,2,C20/4,Admin ,L3,Abhishek ,Eagle face housing job ready for dispatch but not confirm Chargeable or FOC,⏱ Auto-Escalated (no action within 30 min),7/7/2026 11:33:28,Open,,,,,
ESC-074,-,Not Found,Not Found,,,MIS,L3,Kajal,Dummy please ignore ,⏱ Auto-Escalated (no action within 30 min),7/7/2026 11:33:30,Open,,,,,
ESC-077,. ,Not Found,Not Found,,,Spraying ,L3,Prism,"Job card  and Sparying dashboard  with different  kp no mention
Job card worang  parameters mention 
",⏱ Auto-Escalated (no action within 30 min),7/7/2026 11:33:31,Open,,,,,
ESC-084,KP-585-01,Manugraph India Ltd Unit no -1,Draw Ring,12,C20/4,Quality ,L3,Shisir Kumar Jena ,Still we didn't have received Manugraph PIR from Admin department. This is a Vip case material. ,⏱ Auto-Escalated (no action within 30 min),7/7/2026 11:33:32,Open,,,,,
ESC-097,-,Not Found,Not Found,,,Qc,L3,Vaibhav,Dashboard updating not properly ( Enteries missing not showing ,⏱ Auto-Escalated (no action within 30 min),7/7/2026 11:33:33,Open,,,,,
ESC-099,-,Not Found,Not Found,,,Process cordinator ,L3,Amruta,"The Screening Interview Sheet (FMS) was previously being updated by Rohit. Currently, entries are not getting recorded in the sheet, even though HR Ma’am is conducting interviews. Could you please let me know whom I should follow up with regarding this issue so that the interview records can be updated in the system...",⏱ Auto-Escalated (no action within 30 min),7/7/2026 11:33:34,Open,,,,,
ESC-106,-,Not Found,Not Found,,,Process cordinator ,L3,Amruta,"I followed up with Sakshi regarding the RFQ FMS sheet. Since Divya is absent , the sheet has not been updated yet.",⏱ Auto-Escalated (no action within 30 min),7/7/2026 11:33:35,Open,,,,,
ESC-107,-,Not Found,Not Found,,,Process cordinator ,L3,Amruta,"Regarding the Scanning FMS sheet, Sakshi is currently at the C20 plant. Therefore, the Scanning FMS sheet has not been updated yet..",⏱ Auto-Escalated (no action within 30 min),7/7/2026 11:33:36,Open,,,,,
ESC-108,-,Not Found,Not Found,,,Process cordinator ,L3,Amruta,"Regarding the Order Win FMS sheet, Ranjana Mam is absent . Therefore, the sheet has not been updated yet.",⏱ Auto-Escalated (no action within 30 min),7/7/2026 11:33:37,Open,,,,,
ESC-117,-,Not Found,Not Found,,,QC ,L3,Shishir,"The shaft of Pinnacle and the drum assembly of Aditya enterprises and the  PMR Mud  all these materials are currently in B37 and their inspection has been allotted in my name. Actually, I have work in C20 apart from that, you can see in the schedule how much work is there and along with that, I have to manage and do the final inspection of Godrej which does not even come in the schedule and I am doing the same at present. What I am saying is that a lot of material does come in C20 but its final inspection is done in B37 because grinding and all other operations are done there, so it is not possible for me to go to both the companies and handle them physically because I am the only inspector here in C20. So in such cases what  You tell me what you want to do.",⏱ Auto-Escalated (no action within 30 min),7/7/2026 11:33:39,Open,,,,,
ESC-119,. ,Not Found,Not Found,,,Sparying ,L3,Prism,.Sparying kilye Jo bhi job aata Hai uusme  powder Kitna lagne wala  oo lihkar nahi aata office Mai Kitna bar batya to uuka no response  bolte   1 - 1 job card kilye amrshish  sir ki piche  jana padta Hai oo muzse nahi hoga reply aisa kartey hai,⏱ Auto-Escalated (no action within 30 min),7/7/2026 11:33:40,Open,,,,,
ESC-121,-,Not Found,Not Found,,,dummy,L3,Shishir,Kindly ignore checking purpose,⏱ Auto-Escalated (no action within 30 min),7/7/2026 11:33:41,Open,,,,,
ESC-158,-,Not Found,Not Found,,,MIS,L3,Priya,"Give me confirmation about requisition items purchase by Kunda Madam. As per harsh sir, all items for B-37 to be purchased  by Kunda except belt, dia, spray part. and as per DDD sir 50 plus items only purchase by Kunda. Since I have to prepare IMS for B-37 please give me clearification on this.",⏱ Auto-Escalated (no action within 30 min),7/7/2026 11:33:42,Open,,,,,
ESC-174,KP-561-01,SRI VENKATESWARA AEROSPACE PRIVATE LIMITED,KV CS Panel,4,C20/4,qc,L3,Jagannath,spots obs in coating area ,⏱ Auto-Escalated (no action within 30 min),7/7/2026 11:33:43,Open,,,,,
ESC-176,-,Not Found,Not Found,,,MIS,L2,Kajal,PLEASE IGNORE,⏱ Auto-Escalated (no action within 30 min),7/7/2026 11:49:30,Closed,,-,L2,7/7/2026,
ESC-175,-,Not Found,Not Found,,,MIS,L3,Kajal,Please ignore this is dummy entry,⏱ Auto-Escalated (no action within 30 min),7/7/2026 12:03:20,Open,,,,,
ESC-177,-,Not Found,Not Found,,,ADMIN,L1,Abhishek,Received sampler for outsourcing from Ashwini madam without quality assurance Sheet or JC No no how can i Make dispatch,Call to laxmi madam but unable to pick up call  & try to find details in  customer order  sheet,7/7/2026 14:43:42,Closed,,Please refer to the last job card. Kindly ask the QC team to provide the assurance sheet and then send the material,L3,7/7/2026,
ESC-177,-,Not Found,Not Found,,,ADMIN,L2,Abhishek,Received sampler for outsourcing from Ashwini madam without quality assurance Sheet or JC No no how can i Make dispatch,⏱ Auto-Escalated (no action within 30 min),7/7/2026 15:14:29,Closed,,Please refer to the last job card. Kindly ask the QC team to provide the assurance sheet and then send the material,L3,7/7/2026,
ESC-177,-,Not Found,Not Found,,,ADMIN,L3,Abhishek,Received sampler for outsourcing from Ashwini madam without quality assurance Sheet or JC No no how can i Make dispatch,⏱ Auto-Escalated (no action within 30 min),7/7/2026 15:49:27,Closed,,Please refer to the last job card. Kindly ask the QC team to provide the assurance sheet and then send the material,L3,7/7/2026,
ESC-178,KP-641-01,Kalapi Engineering Associates Pvt. Ltd,Shaft (RC26-2092),1,C20/4,Admin ,L1,Nisha,"FIR was done by JN yesterday, but report is not send to the customer & also not marked as done.  JN is not come today.  VG is reluctant to do it as the report is not signed by JN. Material is packed.  ",--,7/8/2026 12:03:51,Closed,,"if both reports fair and rough are showing same readings . if rough report is signed . we can share the report with customer . NN will do intials on behalf of JN . 

If above is not the case re escalte",L2,7/8/2026,
ESC-178,KP-641-01,Kalapi Engineering Associates Pvt. Ltd,Shaft (RC26-2092),1,C20/4,Admin ,L2,Nisha,"FIR was done by JN yesterday, but report is not send to the customer & also not marked as done.  JN is not come today.  VG is reluctant to do it as the report is not signed by JN. Material is packed.  ",⏱ Auto-Escalated (no action within 30 min),7/8/2026 12:34:27,Closed,,"if both reports fair and rough are showing same readings . if rough report is signed . we can share the report with customer . NN will do intials on behalf of JN . 

If above is not the case re escalte",L2,7/8/2026,
ESC-179,KP-434,Not Found,Not Found,,,Admin,L1,Abhishek,We have sent 4 proforma Invoice now Customer require all details in one proforma Invoice. pls suggest how to generate PI ,-,7/8/2026 13:59:42,Open,,,,,
ESC-180,KP-696-01,Sigmarq Technologies Pvt Ltd.,Web Machine Roller,1,C20/4,Qc,L1,Musawwir,As per dwg required size is 165 but received od Dia is 164,-,7/8/2026 14:26:15,Closed,,send IR to Customer for reference.,L2,7/8/2026,
ESC-179,KP-434,Not Found,Not Found,,,Admin,L2,Abhishek,We have sent 4 proforma Invoice now Customer require all details in one proforma Invoice. pls suggest how to generate PI ,"Please prepare a single Proforma Invoice in  Word format for this shipment only.

For the next lot, we will require guidance from Mr. Dhaval Sir on how to proceed and handle such cases in the future.",7/8/2026 14:27:57,Open,,,,,
ESC-180,KP-696-01,Sigmarq Technologies Pvt Ltd.,Web Machine Roller,1,C20/4,Qc,L2,Musawwir,As per dwg required size is 165 but received od Dia is 164,-,7/8/2026 14:30:25,Closed,,send IR to Customer for reference.,L2,7/8/2026,
ESC-179,KP-434,Not Found,Not Found,,,Admin,L3,Abhishek,We have sent 4 proforma Invoice now Customer require all details in one proforma Invoice. pls suggest how to generate PI ,he can prepare in normal PI in word format and give reference of all SO. ,7/8/2026 14:32:29,Open,,,,,
ESC-181,.,Not Found,Not Found,,,qc,L1,Vaibhav,"slb Torquer pre-insp not done by today 
Hindustan tpi inspection today",-,7/9/2026 12:56:42,Open,,,,,
ESC-181,.,Not Found,Not Found,,,qc,L2,Vaibhav,"slb Torquer pre-insp not done by today 
Hindustan tpi inspection today",⏱ Auto-Escalated (no action within 30 min),7/9/2026 13:29:28,Open,,,,,
ESC-181,.,Not Found,Not Found,,,qc,L3,Vaibhav,"slb Torquer pre-insp not done by today 
Hindustan tpi inspection today",⏱ Auto-Escalated (no action within 30 min),7/9/2026 14:03:20,Open,,,,,
ESC-182,"KP-664-01, 02, ",Not Found,Not Found,,,Admin,L1,Abhishek,FIR Done on 9/7/2026 but not showing in Billing & Dispatch FMS ,-,7/11/2026 9:59:47,Closed,,Please fill system issue form for such issues. Resloved this issue.,L2,7/11/2026,
ESC-183,"KP-669-01, 02",Not Found,Not Found,,,admin,L1,Abhishek,FIR Done on 9/7/2026 But not showing in Billing & Dispatch FMS ,-,7/11/2026 10:00:53,Closed,,Please fill system issue form for such issues. Resloved this issue.,L2,7/11/2026,
ESC-182,"KP-664-01, 02, ",Not Found,Not Found,,,Admin,L2,Abhishek,FIR Done on 9/7/2026 but not showing in Billing & Dispatch FMS ,⏱ Auto-Escalated (no action within 30 min),7/11/2026 10:33:20,Closed,,Please fill system issue form for such issues. Resloved this issue.,L2,7/11/2026,
ESC-183,"KP-669-01, 02",Not Found,Not Found,,,admin,L2,Abhishek,FIR Done on 9/7/2026 But not showing in Billing & Dispatch FMS ,⏱ Auto-Escalated (no action within 30 min),7/11/2026 10:33:21,Closed,,Please fill system issue form for such issues. Resloved this issue.,L2,7/11/2026,
ESC-184,-,Raghu Vamsi Machine Tools Pvivate Limited,Top Tube ,2,C20/4,PC,L1,Amruta,"During machine breakdowns, there are occasions when the breakdown form is not submitted by the operators. During follow-up, they share the machine breakdown details and mention that they could not fill out the form as a mobile device was not available. For example, during today's follow-up, Sandeep Sir informed us that there was a breakdown in the KUKA machine yesterday. Since a mobile device was not available with the operators, the breakdown form could not be submitted at that time. To maintain complete and accurate records, the pending breakdown details were obtained from Sandeep Sir and updated by the MIS team.",Followup with sandeep sir.,7/12/2026 11:38:20,Closed,,"Operator work is too report breakdown and mention in history card . They can call or visit 

Maitenance has phone they can fill up form ",L3,7/12/2026,
ESC-184,-,Raghu Vamsi Machine Tools Pvivate Limited,Top Tube ,2,C20/4,PC,L2,Amruta,"During machine breakdowns, there are occasions when the breakdown form is not submitted by the operators. During follow-up, they share the machine breakdown details and mention that they could not fill out the form as a mobile device was not available. For example, during today's follow-up, Sandeep Sir informed us that there was a breakdown in the KUKA machine yesterday. Since a mobile device was not available with the operators, the breakdown form could not be submitted at that time. To maintain complete and accurate records, the pending breakdown details were obtained from Sandeep Sir and updated by the MIS team.",⏱ Auto-Escalated (no action within 30 min),7/12/2026 12:09:28,Closed,,"Operator work is too report breakdown and mention in history card . They can call or visit 

Maitenance has phone they can fill up form ",L3,7/12/2026,
ESC-185,KP-691-03,S.K engineering works,Satationar Ring,1,C20/4,QC,L1,Vaibhav,ID Size within range but wallthk variation 0.20,-,7/12/2026 12:18:33,Closed,,"After OD final size, we can able to know the exact wall thickness dimension. If ID size is in within range and DP OK. Dispatch the material.",L2,7/12/2026,
ESC-185,KP-691-03,S.K engineering works,Satationar Ring,1,C20/4,QC,L2,Vaibhav,ID Size within range but wallthk variation 0.20,-,7/12/2026 12:20:43,Closed,,"After OD final size, we can able to know the exact wall thickness dimension. If ID size is in within range and DP OK. Dispatch the material.",L2,7/12/2026,
ESC-184,-,Raghu Vamsi Machine Tools Pvivate Limited,Top Tube ,2,C20/4,PC,L3,Amruta,"During machine breakdowns, there are occasions when the breakdown form is not submitted by the operators. During follow-up, they share the machine breakdown details and mention that they could not fill out the form as a mobile device was not available. For example, during today's follow-up, Sandeep Sir informed us that there was a breakdown in the KUKA machine yesterday. Since a mobile device was not available with the operators, the breakdown form could not be submitted at that time. To maintain complete and accurate records, the pending breakdown details were obtained from Sandeep Sir and updated by the MIS team.",-,7/12/2026 12:25:03,Closed,,"Operator work is too report breakdown and mention in history card . They can call or visit 

Maitenance has phone they can fill up form ",L3,7/12/2026,
ESC-186,KP-708-01 & 02,Not Found,Not Found,,,Admin,L1,Sonal,"We have received the material from the Kalapi customer and prepared the quotation, but we haven't received quotation approval yet, so the purchase order is still pending. However, the customer needs delivery of this job on an urgent basis—by tomorrow. In this situation, how should I generate the job card?",-,7/12/2026 13:58:44,Closed,,Quotation was approved around the time you raised escalation . Tomorrow morning we can call the customer and get his approval if not done already  . Also we can take the job in production once approval received  in second half and ready job by evening as it’s as sprayed only so this can be managed . Ideally should not be accepting urgent deliveries . ,L3,7/12/2026,
ESC-186,KP-708-01 & 02,Not Found,Not Found,,,Admin,L2,Sonal,"We have received the material from the Kalapi customer and prepared the quotation, but we haven't received quotation approval yet, so the purchase order is still pending. However, the customer needs delivery of this job on an urgent basis—by tomorrow. In this situation, how should I generate the job card?",⏱ Auto-Escalated (no action within 30 min),7/12/2026 14:29:27,Closed,,Quotation was approved around the time you raised escalation . Tomorrow morning we can call the customer and get his approval if not done already  . Also we can take the job in production once approval received  in second half and ready job by evening as it’s as sprayed only so this can be managed . Ideally should not be accepting urgent deliveries . ,L3,7/12/2026,
ESC-186,KP-708-01 & 02,Not Found,Not Found,,,Admin,L3,Sonal,"We have received the material from the Kalapi customer and prepared the quotation, but we haven't received quotation approval yet, so the purchase order is still pending. However, the customer needs delivery of this job on an urgent basis—by tomorrow. In this situation, how should I generate the job card?",⏱ Auto-Escalated (no action within 30 min),7/12/2026 14:59:29,Closed,,Quotation was approved around the time you raised escalation . Tomorrow morning we can call the customer and get his approval if not done already  . Also we can take the job in production once approval received  in second half and ready job by evening as it’s as sprayed only so this can be managed . Ideally should not be accepting urgent deliveries . ,L3,7/12/2026,
ESC-187,. ,Not Found,Not Found,,,Sparying ,L1,Prism,.Sparying kilye Jo bhi job aata Hai uusme  powder Kitna lagne wala  oo lihkar nahi aata office Mai Kitna bar batya to uuka no response  bolte   1 - 1 job card kilye amrshish  sir ki piche  jana padta Hai oo muzse nahi hoga reply aisa kartey hai,.,7/13/2026 16:15:39,Closed,,Haarsh is going to provide solution by tomorrow ,L3,7/13/2026,
ESC-187,. ,Not Found,Not Found,,,Sparying ,L2,Prism,.Sparying kilye Jo bhi job aata Hai uusme  powder Kitna lagne wala  oo lihkar nahi aata office Mai Kitna bar batya to uuka no response  bolte   1 - 1 job card kilye amrshish  sir ki piche  jana padta Hai oo muzse nahi hoga reply aisa kartey hai,⏱ Auto-Escalated (no action within 30 min),7/13/2026 16:49:27,Closed,,Haarsh is going to provide solution by tomorrow ,L3,7/13/2026,
ESC-187,. ,Not Found,Not Found,,,Sparying ,L3,Prism,.Sparying kilye Jo bhi job aata Hai uusme  powder Kitna lagne wala  oo lihkar nahi aata office Mai Kitna bar batya to uuka no response  bolte   1 - 1 job card kilye amrshish  sir ki piche  jana padta Hai oo muzse nahi hoga reply aisa kartey hai,⏱ Auto-Escalated (no action within 30 min),7/13/2026 17:19:29,Closed,,Haarsh is going to provide solution by tomorrow ,L3,7/13/2026,
ESC-188,Kp_687_01,Not Found,Not Found,,,Sparying ,L1,Prism,Job Damage ,Need welding ,7/14/2026 15:18:43,Closed,,"Job is not damaged. It remain unclean during grinding. @Jagannath - Share photos with customer. @ Ranjana - Ask customer, How to resolve this",L2,7/14/2026,
ESC-188,Kp_687_01,Not Found,Not Found,,,Sparying ,L2,Prism,Job Damage ,⏱ Auto-Escalated (no action within 30 min),7/14/2026 15:49:27,Closed,,"Job is not damaged. It remain unclean during grinding. @Jagannath - Share photos with customer. @ Ranjana - Ask customer, How to resolve this",L2,7/14/2026,
ESC-189,KP-721-01,Super Castings ( Bombay ) Pvt. Ltd.,Roller,10,B-37,Admin,L1,Sonal,"The material for Supercasting has arrived, and the customer has received the quotation, but we haven't received the purchase order yet. The customer said they would send it within an 1 hour, but so far, there has been no official confirmation from them.","Calls , Emails & Whastapp msg  to customer",7/15/2026 10:53:07,Closed,,"Please create only the SO and PIR. As discussed over the phone, the customer will send the PO within one hour. Once the PO is received, please generate the Job Card.",L1,7/15/2026,
ESC-190,KP-721-01,Super Castings ( Bombay ) Pvt. Ltd.,Roller,10,B-37,Qc,L1,Vaibhav,pir not generated ( po not received)," roll checking postpond ( roll not sparying today, tomorrow. powder not in stock already tata 7 nos roll on hold)",7/15/2026 10:56:32,Closed,,Po will receive today. Inspect roll and get pir . Do not stop process. Powder in transit,L3,7/15/2026,
ESC-190,KP-721-01,Super Castings ( Bombay ) Pvt. Ltd.,Roller,10,B-37,Qc,L2,Vaibhav,pir not generated ( po not received),-,7/15/2026 11:09:55,Closed,,Po will receive today. Inspect roll and get pir . Do not stop process. Powder in transit,L3,7/15/2026,
ESC-190,KP-721-01,Super Castings ( Bombay ) Pvt. Ltd.,Roller,10,B-37,Qc,L3,Vaibhav,pir not generated ( po not received),-,7/15/2026 11:11:47,Closed,,Po will receive today. Inspect roll and get pir . Do not stop process. Powder in transit,L3,7/15/2026,
ESC-191,Enq no. E01328,Not Found,Not Found,,,Sales,L1,Ranjana,"I have followup with dharmraj and rohit( Bajaj Power ) on call and email also, but he said I have not details coating type and surface, and will take details then give you. 

So please suggest me what I can do for Task close , because my Task is continue forward. ",I have Call and email to customer,7/15/2026 11:42:39,Closed,,"""Dear Sir ,
I hope you are doing well. As we haven't been able to reach you through our recent calls and emails, we have gone ahead and closed this enquiry at our end to keep our system up to date.We completely understand that things get busy. Please know that we are still here whenever you are ready to loop back.""

email this to customer",L3,7/15/2026,
ESC-192,-,Not Found,Not Found,2,C20/4,sales,L1,Ranjana,"The checklist for the following companies is still pending: Bajaj Power,  Hindalco Industries Limited , Flowserve India Controls Pvt. Ltd, PETROGEAR OILFIELD EQUIPMENT MANUFACTURING LL, Sulzer Pumps India Pvt Ltd, Apollo Microsystems,Gohil Industries, Verito Engineering Private Limited As per the planned follow-up dates, these  are delayed. ",-,7/15/2026 11:47:21,Closed,,"The checklist for the following companies is still pending: 
Bajaj Power, - already replied in esc 191 . 
Hindalco Industries Limited - is this Venaktesh customer ? . Anyway for this customer no checklist required . please proceed to next step .

 Flowserve India Controls Pvt. Ltd, -  is this Venaktesh customer ? Please ask VK to collect missing details of checklist over phone and self fill . 

 PETROGEAR OILFIELD EQUIPMENT MANUFACTURING LL - Please call customer and collect checklist . self fill over phone 
 Sulzer Pumps India Pvt Ltd,  - not required checklist . move to next step
Apollo Microsystems - his Venaktesh customer ? Please ask VK to collect missing details of checklist over phone and self fill . 
Gohil Industries - no checklist required . Please move to next step . 
Verito Engineering Private Limited - his Venkatesh customer ? Please ask VK to collect missing details of checklist over phone and self fill . 

As per the planned follow-up dates, these are delayed.

Please re raise fresh esclation if something is still unaswered",L3,7/15/2026,
ESC-193,-,Not Found,Not Found,2,C20/4,Qc,L1,Vaibhav,today schedule not showing job for final inspection 1) Amns roll 11295B& E 2)Kalapi Bearing Sleeve 11812A 3) sanjay engg Sleeve 11650A & C ,-,7/15/2026 11:58:38,Closed,,"sanjay engineering - sleeve  - 1 + 1 - final - 
kalapi sleeve - 2 + 2 final - 
To be added to the schedule. 
assign  
AMNS to Vaibhav -1 
Preference FIR
then PIR - supercasting - 1 -  vaibhav  nos
-----xxx---

And Super Casting - 2 + 2 + 2 + 2 + 2 - divide like this .
two  pir to -  JG - Super casting",L3,7/15/2026,
ESC-193,-,Not Found,Not Found,2,C20/4,Qc,L2,Vaibhav,today schedule not showing job for final inspection 1) Amns roll 11295B& E 2)Kalapi Bearing Sleeve 11812A 3) sanjay engg Sleeve 11650A & C ,-,7/15/2026 12:04:44,Closed,,"sanjay engineering - sleeve  - 1 + 1 - final - 
kalapi sleeve - 2 + 2 final - 
To be added to the schedule. 
assign  
AMNS to Vaibhav -1 
Preference FIR
then PIR - supercasting - 1 -  vaibhav  nos
-----xxx---

And Super Casting - 2 + 2 + 2 + 2 + 2 - divide like this .
two  pir to -  JG - Super casting",L3,7/15/2026,
ESC-193,-,Not Found,Not Found,2,C20/4,Qc,L3,Vaibhav,today schedule not showing job for final inspection 1) Amns roll 11295B& E 2)Kalapi Bearing Sleeve 11812A 3) sanjay engg Sleeve 11650A & C ,-,7/15/2026 12:05:07,Closed,,"sanjay engineering - sleeve  - 1 + 1 - final - 
kalapi sleeve - 2 + 2 final - 
To be added to the schedule. 
assign  
AMNS to Vaibhav -1 
Preference FIR
then PIR - supercasting - 1 -  vaibhav  nos
-----xxx---

And Super Casting - 2 + 2 + 2 + 2 + 2 - divide like this .
two  pir to -  JG - Super casting",L3,7/15/2026,
ESC-191,Enq no. E01328,Not Found,Not Found,,,Sales,L2,Ranjana,"I have followup with dharmraj and rohit( Bajaj Power ) on call and email also, but he said I have not details coating type and surface, and will take details then give you. 

So please suggest me what I can do for Task close , because my Task is continue forward. ",⏱ Auto-Escalated (no action within 30 min),7/15/2026 12:14:27,Closed,,"""Dear Sir ,
I hope you are doing well. As we haven't been able to reach you through our recent calls and emails, we have gone ahead and closed this enquiry at our end to keep our system up to date.We completely understand that things get busy. Please know that we are still here whenever you are ready to loop back.""

email this to customer",L3,7/15/2026,
ESC-192,-,Not Found,Not Found,2,C20/4,sales,L2,Ranjana,"The checklist for the following companies is still pending: Bajaj Power,  Hindalco Industries Limited , Flowserve India Controls Pvt. Ltd, PETROGEAR OILFIELD EQUIPMENT MANUFACTURING LL, Sulzer Pumps India Pvt Ltd, Apollo Microsystems,Gohil Industries, Verito Engineering Private Limited As per the planned follow-up dates, these  are delayed. ",⏱ Auto-Escalated (no action within 30 min),7/15/2026 12:19:27,Closed,,"The checklist for the following companies is still pending: 
Bajaj Power, - already replied in esc 191 . 
Hindalco Industries Limited - is this Venaktesh customer ? . Anyway for this customer no checklist required . please proceed to next step .

 Flowserve India Controls Pvt. Ltd, -  is this Venaktesh customer ? Please ask VK to collect missing details of checklist over phone and self fill . 

 PETROGEAR OILFIELD EQUIPMENT MANUFACTURING LL - Please call customer and collect checklist . self fill over phone 
 Sulzer Pumps India Pvt Ltd,  - not required checklist . move to next step
Apollo Microsystems - his Venaktesh customer ? Please ask VK to collect missing details of checklist over phone and self fill . 
Gohil Industries - no checklist required . Please move to next step . 
Verito Engineering Private Limited - his Venkatesh customer ? Please ask VK to collect missing details of checklist over phone and self fill . 

As per the planned follow-up dates, these are delayed.

Please re raise fresh esclation if something is still unaswered",L3,7/15/2026,
ESC-194,-,Not Found,Not Found,,,Purchase,L1,Ashvini,Purchase Sheet (Ashwini) ST-1:1089 Quotation  of Electronic Board has not been received yet. followup planned date wise is in this delay. ,-,7/15/2026 12:20:07,Open,,,,,
ESC-191,Enq no. E01328,Not Found,Not Found,,,Sales,L3,Ranjana,"I have followup with dharmraj and rohit( Bajaj Power ) on call and email also, but he said I have not details coating type and surface, and will take details then give you. 

So please suggest me what I can do for Task close , because my Task is continue forward. ",⏱ Auto-Escalated (no action within 30 min),7/15/2026 12:44:27,Closed,,"""Dear Sir ,
I hope you are doing well. As we haven't been able to reach you through our recent calls and emails, we have gone ahead and closed this enquiry at our end to keep our system up to date.We completely understand that things get busy. Please know that we are still here whenever you are ready to loop back.""

email this to customer",L3,7/15/2026,
ESC-192,-,Not Found,Not Found,2,C20/4,sales,L3,Ranjana,"The checklist for the following companies is still pending: Bajaj Power,  Hindalco Industries Limited , Flowserve India Controls Pvt. Ltd, PETROGEAR OILFIELD EQUIPMENT MANUFACTURING LL, Sulzer Pumps India Pvt Ltd, Apollo Microsystems,Gohil Industries, Verito Engineering Private Limited As per the planned follow-up dates, these  are delayed. ",⏱ Auto-Escalated (no action within 30 min),7/15/2026 12:49:27,Closed,,"The checklist for the following companies is still pending: 
Bajaj Power, - already replied in esc 191 . 
Hindalco Industries Limited - is this Venaktesh customer ? . Anyway for this customer no checklist required . please proceed to next step .

 Flowserve India Controls Pvt. Ltd, -  is this Venaktesh customer ? Please ask VK to collect missing details of checklist over phone and self fill . 

 PETROGEAR OILFIELD EQUIPMENT MANUFACTURING LL - Please call customer and collect checklist . self fill over phone 
 Sulzer Pumps India Pvt Ltd,  - not required checklist . move to next step
Apollo Microsystems - his Venaktesh customer ? Please ask VK to collect missing details of checklist over phone and self fill . 
Gohil Industries - no checklist required . Please move to next step . 
Verito Engineering Private Limited - his Venkatesh customer ? Please ask VK to collect missing details of checklist over phone and self fill . 

As per the planned follow-up dates, these are delayed.

Please re raise fresh esclation if something is still unaswered",L3,7/15/2026,
ESC-194,-,Not Found,Not Found,,,Purchase,L2,Ashvini,Purchase Sheet (Ashwini) ST-1:1089 Quotation  of Electronic Board has not been received yet. followup planned date wise is in this delay. ,⏱ Auto-Escalated (no action within 30 min),7/15/2026 12:54:27,Open,,,,,
ESC-194,-,Not Found,Not Found,,,Purchase,L3,Ashvini,Purchase Sheet (Ashwini) ST-1:1089 Quotation  of Electronic Board has not been received yet. followup planned date wise is in this delay. ,⏱ Auto-Escalated (no action within 30 min),7/15/2026 13:24:28,Open,,,,,
ESC-195,-,Not Found,Not Found,,,QA,L1,Laxmi,"Audit schedule for today. Packing dept - Ravi Anna and Plasma spraying - Duryodhan , The first half got occupied with Godrej blade inspection,azad phone calls,and the second half  I have Godrej sample and job spraying. What do you suggest I do?  (Duryodhan is in B37, spraying the Accutex roll)",I have escalate it,7/15/2026 13:46:10,Open,,,,,
ESC-195,-,Not Found,Not Found,,,QA,L2,Laxmi,"Audit schedule for today. Packing dept - Ravi Anna and Plasma spraying - Duryodhan , The first half got occupied with Godrej blade inspection,azad phone calls,and the second half  I have Godrej sample and job spraying. What do you suggest I do?  (Duryodhan is in B37, spraying the Accutex roll)",-,7/15/2026 13:48:49,Open,,,,,
ESC-195,-,Not Found,Not Found,,,QA,L3,Laxmi,"Audit schedule for today. Packing dept - Ravi Anna and Plasma spraying - Duryodhan , The first half got occupied with Godrej blade inspection,azad phone calls,and the second half  I have Godrej sample and job spraying. What do you suggest I do?  (Duryodhan is in B37, spraying the Accutex roll)",-,7/15/2026 13:49:05,Open,,,,,
ESC-196,KP-614-01,R.K Label Printing Machinery PVT. LTD. ,Roll,25,C20/4,CRM ,L1,Hemangi,Delivery date is 16/07/2026 Customer wants delivery on 16 but it is in production 13 was production date not done yet,Followup with production ,7/15/2026 14:28:06,Closed,,"Please inform the customer . Our material will arrive in stock in coming week from America. We will wait to wait till end of next week . 
If color difference is ok we can provide delivery at start of next week . ",L3,7/15/2026,
ESC-196,KP-614-01,R.K Label Printing Machinery PVT. LTD. ,Roll,25,C20/4,CRM ,L2,Hemangi,Delivery date is 16/07/2026 Customer wants delivery on 16 but it is in production 13 was production date not done yet,Check with Production ,7/15/2026 14:32:55,Closed,,"Please inform the customer . Our material will arrive in stock in coming week from America. We will wait to wait till end of next week . 
If color difference is ok we can provide delivery at start of next week . ",L3,7/15/2026,
ESC-196,KP-614-01,R.K Label Printing Machinery PVT. LTD. ,Roll,25,C20/4,CRM ,L3,Hemangi,Delivery date is 16/07/2026 Customer wants delivery on 16 but it is in production 13 was production date not done yet,Sealing material not available. It will available next by Monday or Tuesday.,7/15/2026 14:34:04,Closed,,"Please inform the customer . Our material will arrive in stock in coming week from America. We will wait to wait till end of next week . 
If color difference is ok we can provide delivery at start of next week . ",L3,7/15/2026,
ESC-197,-,Not Found,Not Found,,,PC ,L1,Amruta,"The validation Step 1 follow-up for the customer complaint FMS sheets of Godrej, Kalapi Engineering, and Vinod Enterprise has been taken up with Laxmi Ma'am. As per the planned schedule, the Validation Step 1 activities are currently delayed against the planned dates. Regular follow-up is in progress to complete the pending validations at the earliest.",followup with laxmi mam.,7/15/2026 16:13:47,Open,,,,,
ESC-197,-,Not Found,Not Found,,,PC ,L2,Amruta,"The validation Step 1 follow-up for the customer complaint FMS sheets of Godrej, Kalapi Engineering, and Vinod Enterprise has been taken up with Laxmi Ma'am. As per the planned schedule, the Validation Step 1 activities are currently delayed against the planned dates. Regular follow-up is in progress to complete the pending validations at the earliest.",⏱ Auto-Escalated (no action within 30 min),7/15/2026 16:44:27,Open,,,,,
ESC-197,-,Not Found,Not Found,,,PC ,L3,Amruta,"The validation Step 1 follow-up for the customer complaint FMS sheets of Godrej, Kalapi Engineering, and Vinod Enterprise has been taken up with Laxmi Ma'am. As per the planned schedule, the Validation Step 1 activities are currently delayed against the planned dates. Regular follow-up is in progress to complete the pending validations at the earliest.",⏱ Auto-Escalated (no action within 30 min),7/15/2026 17:14:28,Open,,,,,
ESC-198,Not Available  (Customer - Rich India),Not Found,Not Found,,,Admin,L1,Sonal,"The material from Rich India arrived courier on the evening of (July 14, 2026), but the customer did not provide a Delivery Challan. I spoke to the customer on (July 15, 2026), and they said to send the Delivery Challan within an 1 hour, yet they still haven't provided it. I called again this morning (July 16, 2026), and the customer said that I would receive the Delivery Challan by this evening. Now, how am I supposed to process the job or make the necessary entries without the Delivery Challan?...This is a quotation purpose job", Calls.Emails & Whatsapp msges to customer,7/16/2026 10:49:55,Closed,,"please inform to customer , your material is currently on hold as we have not yet received the Delivery Challan.",L1,7/16/2026,
ESC-199,_,Not Found,Not Found,,,CRM ,L1,Hemangi,"Shree Asiatic industries 
Viraj Desai
9870780763
Metso outotec india pvt ltd 
Narendra kumar Sharma 
8094017969
Bharat wire Ropes 
Bhushan Kulkarni
8855014337
",After many follow-ups not getting feedbacks ,7/16/2026 11:32:04,Closed,,"Viraj - Dont call .
Metso - Contact Shravan
Bharat Wire - Send email google form link",L3,7/16/2026,
ESC-199,_,Not Found,Not Found,,,CRM ,L2,Hemangi,"Shree Asiatic industries 
Viraj Desai
9870780763
Metso outotec india pvt ltd 
Narendra kumar Sharma 
8094017969
Bharat wire Ropes 
Bhushan Kulkarni
8855014337
","Spoke to Jitu Sir on the same,  These are new customers.  He is of the opinion to check with Dhaval Sir on how to go about this.",7/16/2026 11:37:13,Closed,,"Viraj - Dont call .
Metso - Contact Shravan
Bharat Wire - Send email google form link",L3,7/16/2026,
ESC-199,_,Not Found,Not Found,,,CRM ,L3,Hemangi,"Shree Asiatic industries 
Viraj Desai
9870780763
Metso outotec india pvt ltd 
Narendra kumar Sharma 
8094017969
Bharat wire Ropes 
Bhushan Kulkarni
8855014337
",-,7/16/2026 11:37:38,Closed,,"Viraj - Dont call .
Metso - Contact Shravan
Bharat Wire - Send email google form link",L3,7/16/2026,
ESC-200,KP-650-13,Kalapi Engineering Associates Pvt. Ltd,Intermediate Shaft Sleeve (RC25-7121),1,B-37,qc,L1,Vaibhav,as per code completed job grinding but only coating od finsh & id unfinished ,-,7/16/2026 14:22:54,Open,,,,,
ESC-200,KP-650-13,Kalapi Engineering Associates Pvt. Ltd,Intermediate Shaft Sleeve (RC25-7121),1,B-37,qc,L2,Vaibhav,as per code completed job grinding but only coating od finsh & id unfinished ,-,7/16/2026 14:23:45,Open,,,,,
ESC-200,KP-650-13,Kalapi Engineering Associates Pvt. Ltd,Intermediate Shaft Sleeve (RC25-7121),1,B-37,qc,L3,Vaibhav,as per code completed job grinding but only coating od finsh & id unfinished ,⏱ Auto-Escalated (no action within 30 min),7/16/2026 14:54:28,Open,,,,,
ESC-201,-,Not Found,Not Found,,,qc,L1,Vaibhav,sri Venkateswara customer not accepted report.he required words file report,customer required words file report in test piece laxmi send report ,7/16/2026 17:05:02,Closed,,"Laxmi can share, required report to customer or she can share internal QC can share to customer. Just copy pest the old report with required editing ",L2,7/16/2026,
ESC-201,-,Not Found,Not Found,,,qc,L2,Vaibhav,sri Venkateswara customer not accepted report.he required words file report,-,7/16/2026 17:07:45,Closed,,"Laxmi can share, required report to customer or she can share internal QC can share to customer. Just copy pest the old report with required editing ",L2,7/16/2026,
ESC-202,Not Available (Customer - RICH INDIA),Not Found,Not Found,,,Admin,L1,Sonal,"The delivery challan from Rich India arrived on 16/07/2026 at 9:42pm. How should I record the incoming material entry for this? Should I use the actual date the material was received or the date the delivery challan was received? If I enter the material receipt date, it will show a delay in the timing.",-,7/18/2026 10:12:55,Closed,,"
After receiving the material, we informed the customer that the material would be entered into the factory only after the delivery challan was received. Therefore, in this case, the date of receipt of the delivery challan should be considered the applicable date for the material inward entry.",L1,7/18/2026,
ESC-203,-,Not Found,Not Found,,,Purchase,L1,Kunda,"ST-2-555 Powder HofTreay Steel,  Size: 300 mm × 300 mm Robot Screen Guard, Size: 132 mm × 175 mm We have not yet received the quotation. As per the planned schedule, the activity has already been delayed due to the pending quotation",-,7/18/2026 11:49:54,Closed,,"buy tablet screen guard 7"" . check how many you want . we have two robots. 
for tray - for ss tray (grade 304/316) you call for ready made if material is not available in house . ",L3,7/18/2026,
ESC-204,-,Not Found,Not Found,,,purchase,L1,Kunda,"ST-2-552 – Stop leakage in the plant and install the pigeon thorn ,  New LPG Vaporizer – Service Engineer visit. As per the planned schedule, these activities are pending and their planned dates have passed. ",-,7/18/2026 11:54:32,Closed,,"1.already approved - More AC . Po .
2. Lpg vapourizer - ask for cost breakup . stay , travel , work . i recommend doing by their engineer only . Otherwsie warranty and safety issue . 
3. thorn material lying with us . put in all area",L3,7/18/2026,
ESC-203,-,Not Found,Not Found,,,Purchase,L2,Kunda,"ST-2-555 Powder HofTreay Steel,  Size: 300 mm × 300 mm Robot Screen Guard, Size: 132 mm × 175 mm We have not yet received the quotation. As per the planned schedule, the activity has already been delayed due to the pending quotation",-,7/18/2026 11:54:56,Closed,,"buy tablet screen guard 7"" . check how many you want . we have two robots. 
for tray - for ss tray (grade 304/316) you call for ready made if material is not available in house . ",L3,7/18/2026,
ESC-203,-,Not Found,Not Found,,,Purchase,L3,Kunda,"ST-2-555 Powder HofTreay Steel,  Size: 300 mm × 300 mm Robot Screen Guard, Size: 132 mm × 175 mm We have not yet received the quotation. As per the planned schedule, the activity has already been delayed due to the pending quotation",-,7/18/2026 11:55:44,Closed,,"buy tablet screen guard 7"" . check how many you want . we have two robots. 
for tray - for ss tray (grade 304/316) you call for ready made if material is not available in house . ",L3,7/18/2026,
ESC-204,-,Not Found,Not Found,,,purchase,L2,Kunda,"ST-2-552 – Stop leakage in the plant and install the pigeon thorn ,  New LPG Vaporizer – Service Engineer visit. As per the planned schedule, these activities are pending and their planned dates have passed. ",-,7/18/2026 11:56:06,Closed,,"1.already approved - More AC . Po .
2. Lpg vapourizer - ask for cost breakup . stay , travel , work . i recommend doing by their engineer only . Otherwsie warranty and safety issue . 
3. thorn material lying with us . put in all area",L3,7/18/2026,
ESC-204,-,Not Found,Not Found,,,purchase,L3,Kunda,"ST-2-552 – Stop leakage in the plant and install the pigeon thorn ,  New LPG Vaporizer – Service Engineer visit. As per the planned schedule, these activities are pending and their planned dates have passed. ",-,7/18/2026 11:56:26,Closed,,"1.already approved - More AC . Po .
2. Lpg vapourizer - ask for cost breakup . stay , travel , work . i recommend doing by their engineer only . Otherwsie warranty and safety issue . 
3. thorn material lying with us . put in all area",L3,7/18/2026,
ESC-205,KP-731-01,Not Found,Not Found,,,Admin,L1,Sonal,"We have received the material from Pragati Engineering, but the purchase order is still pending. I spoke to the customer, and they said the purchase order would be issued today, but we haven't received it yet. I have informed the customer that we cannot process the job without the purchase order; the job will remain on hold until the purchase order is received.
Now, how do I proceed with the job and generate a sales order in this situation?","Calls ,Emails & Whatsapp msg to Customer",7/19/2026 12:08:13,Closed,,PO RECIVED ,L2,7/19/2026,
ESC-205,KP-731-01,Not Found,Not Found,,,Admin,L2,Sonal,"We have received the material from Pragati Engineering, but the purchase order is still pending. I spoke to the customer, and they said the purchase order would be issued today, but we haven't received it yet. I have informed the customer that we cannot process the job without the purchase order; the job will remain on hold until the purchase order is received.
Now, how do I proceed with the job and generate a sales order in this situation?",⏱ Auto-Escalated (no action within 30 min),7/19/2026 12:39:27,Closed,,PO RECIVED ,L2,7/19/2026,
ESC-206,"KP-652-01, KP-346-05",Not Found,Not Found,,,Process cordinator ,L1,Amruta,"Kalapi ( 1187E, KP-652-01), AM/NS India (1295E , KP-346-05)Vaibhav has been absent for the last two days. I followed up with JN, and he said that you will need to do the final inspection. He also said that he does not know how to do the final inspection. He is already busy with the pre-inspections for R.K. and Rich India. Because of this, the final inspection for Kalapi , AMNS is getting delayed.",Followup with JN ,7/19/2026 14:20:59,Closed,,"KP 652-01 inspection was completed on 19/07/26 @16:05hrs by Laxmi.  KP346-05 is back to production, have asked VG to log IR",L3,7/20/2026,
ESC-206,"KP-652-01, KP-346-05",Not Found,Not Found,,,Process cordinator ,L2,Amruta,"Kalapi ( 1187E, KP-652-01), AM/NS India (1295E , KP-346-05)Vaibhav has been absent for the last two days. I followed up with JN, and he said that you will need to do the final inspection. He also said that he does not know how to do the final inspection. He is already busy with the pre-inspections for R.K. and Rich India. Because of this, the final inspection for Kalapi , AMNS is getting delayed.",⏱ Auto-Escalated (no action within 30 min),7/19/2026 14:54:27,Closed,,"KP 652-01 inspection was completed on 19/07/26 @16:05hrs by Laxmi.  KP346-05 is back to production, have asked VG to log IR",L3,7/20/2026,
ESC-206,"KP-652-01, KP-346-05",Not Found,Not Found,,,Process cordinator ,L3,Amruta,"Kalapi ( 1187E, KP-652-01), AM/NS India (1295E , KP-346-05)Vaibhav has been absent for the last two days. I followed up with JN, and he said that you will need to do the final inspection. He also said that he does not know how to do the final inspection. He is already busy with the pre-inspections for R.K. and Rich India. Because of this, the final inspection for Kalapi , AMNS is getting delayed.",⏱ Auto-Escalated (no action within 30 min),7/19/2026 15:24:27,Closed,,"KP 652-01 inspection was completed on 19/07/26 @16:05hrs by Laxmi.  KP346-05 is back to production, have asked VG to log IR",L3,7/20/2026,
ESC-207,KP-666-03,Kalapi Engineering Associates Pvt. Ltd,Bearing Sleeve  (RC26-2863),1,C20/4,Qc,L1,Vaibhav,As per code completed job grinding ( od + id ) but in final inspection only od grinding.  Id grinding pending ,-,7/20/2026 14:49:33,Open,,,,,
ESC-207,KP-666-03,Kalapi Engineering Associates Pvt. Ltd,Bearing Sleeve  (RC26-2863),1,C20/4,Qc,L2,Vaibhav,As per code completed job grinding ( od + id ) but in final inspection only od grinding.  Id grinding pending ,-,7/20/2026 14:50:22,Open,,,,,
ESC-207,KP-666-03,Kalapi Engineering Associates Pvt. Ltd,Bearing Sleeve  (RC26-2863),1,C20/4,Qc,L3,Vaibhav,As per code completed job grinding ( od + id ) but in final inspection only od grinding.  Id grinding pending ,⏱ Auto-Escalated (no action within 30 min),7/20/2026 15:24:28,Open,,,,,
ESC-208,__,Not Found,Not Found,,,CRM,L1,Hemangi,"Dear Sir,

In the Sales Follow-up Sheet, I get 30 minutes for the first customer call. I am able to complete the call within that time, but updating the follow-up, tracking the activity, and closing the issue takes additional time. Many cases also require multiple follow-up calls before they can be closed.

Kindly provide an additional rows for follow-up activities so that I can properly track each case, update the assigner with the latest status, and close the issue accurately.
Also I can not go on same like to update the new status ",Currently updating in remarks,7/21/2026 10:56:42,Closed,,Help slip required for this,L3,7/21/2026,
ESC-208,__,Not Found,Not Found,,,CRM,L2,Hemangi,"Dear Sir,

In the Sales Follow-up Sheet, I get 30 minutes for the first customer call. I am able to complete the call within that time, but updating the follow-up, tracking the activity, and closing the issue takes additional time. Many cases also require multiple follow-up calls before they can be closed.

Kindly provide an additional rows for follow-up activities so that I can properly track each case, update the assigner with the latest status, and close the issue accurately.
Also I can not go on same like to update the new status ",These tasks assigned to the CRM can be put on delegation & PC can follow up with her for task completion,7/21/2026 11:18:42,Closed,,Help slip required for this,L3,7/21/2026,
ESC-208,__,Not Found,Not Found,,,CRM,L3,Hemangi,"Dear Sir,

In the Sales Follow-up Sheet, I get 30 minutes for the first customer call. I am able to complete the call within that time, but updating the follow-up, tracking the activity, and closing the issue takes additional time. Many cases also require multiple follow-up calls before they can be closed.

Kindly provide an additional rows for follow-up activities so that I can properly track each case, update the assigner with the latest status, and close the issue accurately.
Also I can not go on same like to update the new status ",-,7/21/2026 11:19:18,Closed,,Help slip required for this,L3,7/21/2026,
ESC-209,-,Not Found,Not Found,,,MIS,L1,Kajal,DUMMY PLEASE IGNORE,-,7/21/2026 11:49:54,Closed,,OKKKK,L3,7/21/2026,
ESC-209,-,Not Found,Not Found,,,MIS,L2,Kajal,DUMMY PLEASE IGNORE,L2,7/21/2026 11:50:16,Closed,,OKKKK,L3,7/21/2026,
ESC-209,-,Not Found,Not Found,,,MIS,L3,Kajal,DUMMY PLEASE IGNORE,OK,7/21/2026 11:50:34,Closed,,OKKKK,L3,7/21/2026,
ESC-210,-,Not Found,Not Found,,,MIS,L1,Kajal,This is dummy please ignore,-,7/21/2026 11:56:06,Issue Meeting,,shift,L3,7/21/2026,
ESC-210,-,Not Found,Not Found,,,MIS,L2,Kajal,This is dummy please ignore,ok l2,7/21/2026 11:56:24,Issue Meeting,,shift,L3,7/21/2026,
ESC-210,-,Not Found,Not Found,,,MIS,L3,Kajal,This is dummy please ignore,ok l2,7/21/2026 11:56:40,Issue Meeting,,shift,L3,7/21/2026,
ESC-211,"KP-651-01, KP-651-02,",Not Found,Not Found,,,ADMIN,L1,Abhishek,"The material for Kalapi, which was ready on 15/07/2026 and invoiced on 16/07/2026, is scheduled for dispatch today (21/07/2026).

As per B37 Team update, the material currently does not have boxes. ",Hold dispatch for today ,7/21/2026 17:20:18,Closed,,"We will need to find another box for it 
Or club it with some other box from Kalapi making sure it takes the weight 
Or make new box ",L3,7/21/2026,
ESC-212,RC25-7121 RC25-7122 RC25-7123 RC26-2511,Not Found,Not Found,,,ADMIN,L1,Abhishek,"Kalapi Mateiral are ready for disptach but APO Pending 
how can i make dispatch without APO ",Inform Ranjana madma & customer to ArrengeAPO ,7/21/2026 17:23:09,Closed,,"You can make now tomorrow. Today was there weekly off . They will provide PO tomorrow 
If unable to provide be ready to dispatch on challan and take email confirmation on date by which PO will be amended and bill it as per our quote ",L3,7/21/2026,
ESC-211,"KP-651-01, KP-651-02,",Not Found,Not Found,,,ADMIN,L2,Abhishek,"The material for Kalapi, which was ready on 15/07/2026 and invoiced on 16/07/2026, is scheduled for dispatch today (21/07/2026).

As per B37 Team update, the material currently does not have boxes. ",⏱ Auto-Escalated (no action within 30 min),7/21/2026 17:54:28,Closed,,"We will need to find another box for it 
Or club it with some other box from Kalapi making sure it takes the weight 
Or make new box ",L3,7/21/2026,
ESC-212,RC25-7121 RC25-7122 RC25-7123 RC26-2511,Not Found,Not Found,,,ADMIN,L2,Abhishek,"Kalapi Mateiral are ready for disptach but APO Pending 
how can i make dispatch without APO ",⏱ Auto-Escalated (no action within 30 min),7/21/2026 17:54:29,Closed,,"You can make now tomorrow. Today was there weekly off . They will provide PO tomorrow 
If unable to provide be ready to dispatch on challan and take email confirmation on date by which PO will be amended and bill it as per our quote ",L3,7/21/2026,
ESC-211,"KP-651-01, KP-651-02,",Not Found,Not Found,,,ADMIN,L3,Abhishek,"The material for Kalapi, which was ready on 15/07/2026 and invoiced on 16/07/2026, is scheduled for dispatch today (21/07/2026).

As per B37 Team update, the material currently does not have boxes. ",⏱ Auto-Escalated (no action within 30 min),7/21/2026 18:29:27,Closed,,"We will need to find another box for it 
Or club it with some other box from Kalapi making sure it takes the weight 
Or make new box ",L3,7/21/2026,
ESC-212,RC25-7121 RC25-7122 RC25-7123 RC26-2511,Not Found,Not Found,,,ADMIN,L3,Abhishek,"Kalapi Mateiral are ready for disptach but APO Pending 
how can i make dispatch without APO ",⏱ Auto-Escalated (no action within 30 min),7/21/2026 18:29:28,Closed,,"You can make now tomorrow. Today was there weekly off . They will provide PO tomorrow 
If unable to provide be ready to dispatch on challan and take email confirmation on date by which PO will be amended and bill it as per our quote ",L3,7/21/2026,
ESC-213,KP-730-01,Not Found,Not Found,,,Quality ,L1,Musawwir,"Clearance from Maharashtra Seamless is pending on mail, when called he says he is out of plant and doesn't understand anything, he said to call tommorow.

Material is getting delayed",Put a reminder on mail,7/22/2026 10:04:34,Closed,,Customer will call  Musaweer tomorrow when he is at the plant and he can clear any doubts on call or arrange online meeting to resolve it. Have spoken to the customer ,L3,7/22/2026,
ESC-213,KP-730-01,Not Found,Not Found,,,Quality ,L2,Musawwir,"Clearance from Maharashtra Seamless is pending on mail, when called he says he is out of plant and doesn't understand anything, he said to call tommorow.

Material is getting delayed",-,7/22/2026 10:05:45,Closed,,Customer will call  Musaweer tomorrow when he is at the plant and he can clear any doubts on call or arrange online meeting to resolve it. Have spoken to the customer ,L3,7/22/2026,
ESC-213,KP-730-01,Not Found,Not Found,,,Quality ,L3,Musawwir,"Clearance from Maharashtra Seamless is pending on mail, when called he says he is out of plant and doesn't understand anything, he said to call tommorow.

Material is getting delayed",Sales Team can contact and get clearance from Customer,7/22/2026 10:17:03,Closed,,Customer will call  Musaweer tomorrow when he is at the plant and he can clear any doubts on call or arrange online meeting to resolve it. Have spoken to the customer ,L3,7/22/2026,
ESC-214,KP-458-02,Not Found,Not Found,,,qc,L1,Vaibhav,Radius 10 not properly match ,-,7/22/2026 11:29:09,Closed,,"Dispatch part to customer as we have spoken with him and he will try to pass at his end 
As per me this is non issue ",L3,7/22/2026,
ESC-214,KP-458-02,Not Found,Not Found,,,qc,L2,Vaibhav,Radius 10 not properly match ,-,7/22/2026 11:35:42,Closed,,"Dispatch part to customer as we have spoken with him and he will try to pass at his end 
As per me this is non issue ",L3,7/22/2026,
ESC-214,KP-458-02,Not Found,Not Found,,,qc,L3,Vaibhav,Radius 10 not properly match ,Maximum repairing done ..... more repairing will destroy the component ,7/22/2026 11:48:24,Closed,,"Dispatch part to customer as we have spoken with him and he will try to pass at his end 
As per me this is non issue ",L3,7/22/2026,
ESC-215,KP-629-01,Godrej & Boyce Mfg. Co. Ltd,S/A COVER EXTENSION CORE [KH05000],1,C20/4,Process cordinator ,L1,Amruta,"Q2P Update – Godrej & Boyce Mfg. Co. Ltd.

For Godrej & Boyce Mfg. Co. Ltd. (S/A Cover Extension Core [KH05000]), JC No. 11761A, the final inspection was completed on 20/07/2026. However, the Q2P form has not yet been received.

I followed up with Mr. Muswir, and he informed me that the inspection report has already been shared with the customer. We are currently awaiting the customer's response.

As per the planned date, the form submission is delayed.",Followup with muswir ,7/22/2026 12:41:08,Closed,,discussed with psw. Final form to be filled and we will wait customer clearance for dispatch.,L3,7/22/2026,
ESC-215,KP-629-01,Godrej & Boyce Mfg. Co. Ltd,S/A COVER EXTENSION CORE [KH05000],1,C20/4,Process cordinator ,L2,Amruta,"Q2P Update – Godrej & Boyce Mfg. Co. Ltd.

For Godrej & Boyce Mfg. Co. Ltd. (S/A Cover Extension Core [KH05000]), JC No. 11761A, the final inspection was completed on 20/07/2026. However, the Q2P form has not yet been received.

I followed up with Mr. Muswir, and he informed me that the inspection report has already been shared with the customer. We are currently awaiting the customer's response.

As per the planned date, the form submission is delayed.",FIR forms are normally filled after the reports are sent to the customer.  In this case also the form should have been filled. ,7/22/2026 12:49:33,Closed,,discussed with psw. Final form to be filled and we will wait customer clearance for dispatch.,L3,7/22/2026,
ESC-215,KP-629-01,Godrej & Boyce Mfg. Co. Ltd,S/A COVER EXTENSION CORE [KH05000],1,C20/4,Process cordinator ,L3,Amruta,"Q2P Update – Godrej & Boyce Mfg. Co. Ltd.

For Godrej & Boyce Mfg. Co. Ltd. (S/A Cover Extension Core [KH05000]), JC No. 11761A, the final inspection was completed on 20/07/2026. However, the Q2P form has not yet been received.

I followed up with Mr. Muswir, and he informed me that the inspection report has already been shared with the customer. We are currently awaiting the customer's response.

As per the planned date, the form submission is delayed.",fill the final inspection form. Godrej Inspection is pending. from our side part is ready for dispatch,7/22/2026 13:02:49,Closed,,discussed with psw. Final form to be filled and we will wait customer clearance for dispatch.,L3,7/22/2026,
ESC-216,-,Not Found,Not Found,,,MIS,L1,Priya,"Sir, I am facing an issue with IMS in B37.

Currently, I am adding only the items that Kunda Ma'am requests into the list. Those items are getting processed as IN/OUT from the material stock, and they are also reflecting correctly in the store.

However, the issue is that when materials such as belts or spray parts are received from C20, we fill out the IN form for those as well, but those entries are not reflecting correctly in IMS. 

Could you please check and help resolve this issue?
",-,7/23/2026 10:51:04,Closed,,make same master list as c20/4,L3,7/23/2026,
ESC-216,-,Not Found,Not Found,,,MIS,L2,Priya,"Sir, I am facing an issue with IMS in B37.

Currently, I am adding only the items that Kunda Ma'am requests into the list. Those items are getting processed as IN/OUT from the material stock, and they are also reflecting correctly in the store.

However, the issue is that when materials such as belts or spray parts are received from C20, we fill out the IN form for those as well, but those entries are not reflecting correctly in IMS. 

Could you please check and help resolve this issue?
",⏱ Auto-Escalated (no action within 30 min),7/23/2026 11:24:27,Closed,,make same master list as c20/4,L3,7/23/2026,
ESC-216,-,Not Found,Not Found,,,MIS,L3,Priya,"Sir, I am facing an issue with IMS in B37.

Currently, I am adding only the items that Kunda Ma'am requests into the list. Those items are getting processed as IN/OUT from the material stock, and they are also reflecting correctly in the store.

However, the issue is that when materials such as belts or spray parts are received from C20, we fill out the IN form for those as well, but those entries are not reflecting correctly in IMS. 

Could you please check and help resolve this issue?
",⏱ Auto-Escalated (no action within 30 min),7/23/2026 11:54:27,Closed,,make same master list as c20/4,L3,7/23/2026,
ESC-217,-,Not Found,Not Found,,,Process cordinator ,L1,Amruta,"HR Grievances (B37 & C20) Sheet Update The last grievance recorded for B37 is dated 08/07/2026. The last grievance recorded for C20 is dated 14/07/2026. We have been following up with the HR team daily. As per the latest update from HR, no new grievances have been received since the above-mentioned dates",Followup with rupali mam & supriya mam. ,7/23/2026 13:01:27,Open,,,,,
ESC-217,-,Not Found,Not Found,,,Process cordinator ,L2,Amruta,"HR Grievances (B37 & C20) Sheet Update The last grievance recorded for B37 is dated 08/07/2026. The last grievance recorded for C20 is dated 14/07/2026. We have been following up with the HR team daily. As per the latest update from HR, no new grievances have been received since the above-mentioned dates",⏱ Auto-Escalated (no action within 30 min),7/23/2026 13:33:21,Open,,,,,
ESC-217,-,Not Found,Not Found,,,Process cordinator ,L3,Amruta,"HR Grievances (B37 & C20) Sheet Update The last grievance recorded for B37 is dated 08/07/2026. The last grievance recorded for C20 is dated 14/07/2026. We have been following up with the HR team daily. As per the latest update from HR, no new grievances have been received since the above-mentioned dates",⏱ Auto-Escalated (no action within 30 min),7/23/2026 14:03:21,Open,,,,,
ESC-218,KP-751-01,Not Found,Not Found,,,Admin ,L1,Sonal,"We have received material from the Nilpeter customer for rework, but I cannot find the details from the old job card. The drawing number and dimensions do not match. I have emailed the customer but haven't received a response yet. So, how should I generate the rework sales order?",Call & Emails,7/25/2026 16:35:20,Closed,,"Please wait for the customer's reply. Once we receive the details, we'll proceed accordingly.",L2,7/25/2026,
ESC-218,KP-751-01,Not Found,Not Found,,,Admin ,L2,Sonal,"We have received material from the Nilpeter customer for rework, but I cannot find the details from the old job card. The drawing number and dimensions do not match. I have emailed the customer but haven't received a response yet. So, how should I generate the rework sales order?",⏱ Auto-Escalated (no action within 30 min),7/25/2026 17:09:28,Closed,,"Please wait for the customer's reply. Once we receive the details, we'll proceed accordingly.",L2,7/25/2026,
ESC-219,-,Not Found,Not Found,,,PC ,L1,Amruta,"
 RFQ fms sheet – Goma Engineering ,Flow Control Pumps . The detailed information for this inquiry has not yet been received. Therefore, the entry has not been updated in the form data. ",Followup with divya ,7/26/2026 10:43:20,Closed,,You can log in system . If not reply received within three days we will close . You can try to contact them today . From tomorrow ask VK to be into in with them to get details . If by Wednesday no reply received we will close ,L3,7/26/2026,
ESC-219,-,Not Found,Not Found,,,PC ,L2,Amruta,"
 RFQ fms sheet – Goma Engineering ,Flow Control Pumps . The detailed information for this inquiry has not yet been received. Therefore, the entry has not been updated in the form data. ",⏱ Auto-Escalated (no action within 30 min),7/26/2026 11:14:29,Closed,,You can log in system . If not reply received within three days we will close . You can try to contact them today . From tomorrow ask VK to be into in with them to get details . If by Wednesday no reply received we will close ,L3,7/26/2026,
ESC-219,-,Not Found,Not Found,,,PC ,L3,Amruta,"
 RFQ fms sheet – Goma Engineering ,Flow Control Pumps . The detailed information for this inquiry has not yet been received. Therefore, the entry has not been updated in the form data. ",⏱ Auto-Escalated (no action within 30 min),7/26/2026 11:44:29,Closed,,You can log in system . If not reply received within three days we will close . You can try to contact them today . From tomorrow ask VK to be into in with them to get details . If by Wednesday no reply received we will close ,L3,7/26/2026,
ESC-220,KP-730-01,Not Found,Not Found,,,Quality ,L1,Musawwir,"Escalted by Amruta by musawwir name 

Q2P Sheet – Maharashtra Seamless Ltd. (SO No. 11962):
The pre-inspection form has not been filled yet, as customer clearance is still pending",-,7/26/2026 13:43:25,Closed,,"1. Ask the inspector to come and meet . 
",L3,7/26/2026,
ESC-220,KP-730-01,Not Found,Not Found,,,Quality ,L2,Musawwir,"Escalted by Amruta by musawwir name 

Q2P Sheet – Maharashtra Seamless Ltd. (SO No. 11962):
The pre-inspection form has not been filled yet, as customer clearance is still pending",⏱ Auto-Escalated (no action within 30 min),7/26/2026 14:14:27,Closed,,"1. Ask the inspector to come and meet . 
",L3,7/26/2026,
ESC-220,KP-730-01,Not Found,Not Found,,,Quality ,L3,Musawwir,"Escalted by Amruta by musawwir name 

Q2P Sheet – Maharashtra Seamless Ltd. (SO No. 11962):
The pre-inspection form has not been filled yet, as customer clearance is still pending",⏱ Auto-Escalated (no action within 30 min),7/26/2026 14:44:28,Closed,,"1. Ask the inspector to come and meet . 
",L3,7/26/2026,
ESC-221,KP-716-01,Godrej & Boyce Mfg. Co. Ltd,S/A Exhaust Cone Flow Path [KH02350],1,C20/4,MIS,L1,Priya,"In this Job, material name is S/A exhaust cone flow path have Dia  but length=0 so area calculation become zero. Same for godrej samples -  button, cylinder, flat. Any other formula for calculating such jobs/samples ",- ,7/27/2026 9:40:17,Closed,,"Ask inspector to punch in length. Going ahead 
Ask this incpector to come and meet me with job card 
Give fixed time including setup time + Coll down time  30 +30 +60 min . In such cases otherwise . 

For sample give fixed 15 min . Per sample . No setup time . No Cool down time here ",L3,7/27/2026,
ESC-221,KP-716-01,Godrej & Boyce Mfg. Co. Ltd,S/A Exhaust Cone Flow Path [KH02350],1,C20/4,MIS,L2,Priya,"In this Job, material name is S/A exhaust cone flow path have Dia  but length=0 so area calculation become zero. Same for godrej samples -  button, cylinder, flat. Any other formula for calculating such jobs/samples ",-,7/27/2026 9:43:22,Closed,,"Ask inspector to punch in length. Going ahead 
Ask this incpector to come and meet me with job card 
Give fixed time including setup time + Coll down time  30 +30 +60 min . In such cases otherwise . 

For sample give fixed 15 min . Per sample . No setup time . No Cool down time here ",L3,7/27/2026,
ESC-221,KP-716-01,Godrej & Boyce Mfg. Co. Ltd,S/A Exhaust Cone Flow Path [KH02350],1,C20/4,MIS,L3,Priya,"In this Job, material name is S/A exhaust cone flow path have Dia  but length=0 so area calculation become zero. Same for godrej samples -  button, cylinder, flat. Any other formula for calculating such jobs/samples ",-,7/27/2026 9:43:37,Closed,,"Ask inspector to punch in length. Going ahead 
Ask this incpector to come and meet me with job card 
Give fixed time including setup time + Coll down time  30 +30 +60 min . In such cases otherwise . 

For sample give fixed 15 min . Per sample . No setup time . No Cool down time here ",L3,7/27/2026,
ESC-222,"KP-646-01,02,03",Not Found,Not Found,,,Quality ,L1,Vaibhav,Kalapi engg Throttle bushing After final ID grinding some chatrin marks obs,-,7/27/2026 10:10:56,Closed,,As it is done by vendore. No further process to be done. Approval for dispatch ,L2,7/27/2026,
ESC-222,"KP-646-01,02,03",Not Found,Not Found,,,Quality ,L2,Vaibhav,Kalapi engg Throttle bushing After final ID grinding some chatrin marks obs,-,7/27/2026 10:11:34,Closed,,As it is done by vendore. No further process to be done. Approval for dispatch ,L2,7/27/2026,
ESC-223,KP-751-01,Not Found,Not Found,,,-,L1,Jitu,"Escalted by amruta 


rework Sheet – Nilpeter India Pvt. Ltd. (KP-751-01) The rework details for KP-751-01 are currently not clear. It is not specified whether the rework was requested by the customer or if it originated internally. Additionally, there is a delay against the planned date.",-,7/27/2026 14:08:58,Issue Meeting,,"Job inspected visually and belong to us . 
We have to process this by FOC . 

We will need challan copy by today from customer @ CRM - communicated this .
Mahalingam - Chandra - 

For future - please note only hold consider at L3 level",L3,7/27/2026,
ESC-223,KP-751-01,Not Found,Not Found,,,-,L2,Jitu,"Escalted by amruta 


rework Sheet – Nilpeter India Pvt. Ltd. (KP-751-01) The rework details for KP-751-01 are currently not clear. It is not specified whether the rework was requested by the customer or if it originated internally. Additionally, there is a delay against the planned date.",-,7/27/2026 14:28:32,Issue Meeting,,"Job inspected visually and belong to us . 
We have to process this by FOC . 

We will need challan copy by today from customer @ CRM - communicated this .
Mahalingam - Chandra - 

For future - please note only hold consider at L3 level",L3,7/27/2026,
ESC-223,KP-751-01,Not Found,Not Found,,,-,L3,Jitu,"Escalted by amruta 


rework Sheet – Nilpeter India Pvt. Ltd. (KP-751-01) The rework details for KP-751-01 are currently not clear. It is not specified whether the rework was requested by the customer or if it originated internally. Additionally, there is a delay against the planned date.",-,7/27/2026 14:28:53,Issue Meeting,,"Job inspected visually and belong to us . 
We have to process this by FOC . 

We will need challan copy by today from customer @ CRM - communicated this .
Mahalingam - Chandra - 

For future - please note only hold consider at L3 level",L3,7/27/2026,
ESC-224,KP-691-01,S.K engineering works,Impeller Ring,1,C20/4,QC,L1,Vaibhav,S K Engg Impller ring as per drg chamfers not accpeted,-,7/28/2026 11:56:54,Closed,,"Check with customer for last supply. For chamfer increase, Sulzer internal discussion in process. ",L2,7/28/2026,
ESC-224,KP-691-01,S.K engineering works,Impeller Ring,1,C20/4,QC,L2,Vaibhav,S K Engg Impller ring as per drg chamfers not accpeted,-,7/28/2026 11:57:34,Closed,,"Check with customer for last supply. For chamfer increase, Sulzer internal discussion in process. ",L2,7/28/2026,
ESC-225,KP-765-01 & KP-765-02,Not Found,Not Found,,,Admin,L1,Sonal,"We have received the material for the gear master, but the purchase order hasn't arrived yet. I have both call and emailed the customer, but there has been no response from their end; so, how am I supposed to generate the job card?",Call & Email,7/28/2026 12:23:42,Closed,,Pre inspection can be carried out. Have spoken to him po will come shortly. Go ahead PIR ,L3,7/28/2026,
ESC-226,KP-766-01,Not Found,Not Found,,,Admin,L1,Sonal,"We have received the material for the All tools Engineerings but the purchase order hasn't arrived yet. I have both call ,emailed & WhatsApp msg the customer, but there has been no response from their end; so, how I am supposed to generate the Sales Order  & Job Card?","Call,Email & WhatsApp msg",7/28/2026 12:29:51,Open,,,,,
ESC-227,KP_509_01,Not Found,Not Found,,,CRM,L1,Hemangi,Vinsak quotation is pending,No written communication regarding vinsak FOC pending in quarantine sheet Divya didn't have confirm update on the same,7/28/2026 12:48:31,Closed,,Foc to be given,L3,7/28/2026,
ESC-226,KP-766-01,Not Found,Not Found,,,Admin,L2,Sonal,"We have received the material for the All tools Engineerings but the purchase order hasn't arrived yet. I have both call ,emailed & WhatsApp msg the customer, but there has been no response from their end; so, how I am supposed to generate the Sales Order  & Job Card?",Please generate the Sales Order and PIR and hand them over to the Quality Department for pre-inspection only. The coating process will begin only after we receive the purchase order.,7/28/2026 12:49:39,Open,,,,,
ESC-225,KP-765-01 & KP-765-02,Not Found,Not Found,,,Admin,L2,Sonal,"We have received the material for the gear master, but the purchase order hasn't arrived yet. I have both call and emailed the customer, but there has been no response from their end; so, how am I supposed to generate the job card?",⏱ Auto-Escalated (no action within 30 min),7/28/2026 12:54:28,Closed,,Pre inspection can be carried out. Have spoken to him po will come shortly. Go ahead PIR ,L3,7/28/2026,
ESC-227,KP_509_01,Not Found,Not Found,,,CRM,L2,Hemangi,Vinsak quotation is pending,Decision on this has to come from Dhaval Sir / Haarsh Sir,7/28/2026 12:54:35,Closed,,Foc to be given,L3,7/28/2026,
ESC-226,KP-766-01,Not Found,Not Found,,,Admin,L3,Sonal,"We have received the material for the All tools Engineerings but the purchase order hasn't arrived yet. I have both call ,emailed & WhatsApp msg the customer, but there has been no response from their end; so, how I am supposed to generate the Sales Order  & Job Card?","Call to customer...they have not recd the offer, have send it again. will give PO immediately.
should we prepare PIR and generate SO? ",7/28/2026 12:59:36,Open,,,,,
ESC-227,KP_509_01,Not Found,Not Found,,,CRM,L3,Hemangi,Vinsak quotation is pending,"Verbal communication done with Dhaval Sir, we are giving this job as a sample to customer on FOC. ",7/28/2026 13:06:02,Closed,,Foc to be given,L3,7/28/2026,
ESC-225,KP-765-01 & KP-765-02,Not Found,Not Found,,,Admin,L3,Sonal,"We have received the material for the gear master, but the purchase order hasn't arrived yet. I have both call and emailed the customer, but there has been no response from their end; so, how am I supposed to generate the job card?",⏱ Auto-Escalated (no action within 30 min),7/28/2026 13:29:28,Closed,,Pre inspection can be carried out. Have spoken to him po will come shortly. Go ahead PIR ,L3,7/28/2026,
ESC-228,KP-714-01,Sulzer Pumps India Pvt Ltd,Impeller,8,B-37,qc,L1,Vaibhav,sulzer Impeller non coating areas extra coating obs & unclean ,-,7/28/2026 17:27:21,Closed,,"Rework job ....
 Accepted ",L2,7/28/2026,
ESC-228,KP-714-01,Sulzer Pumps India Pvt Ltd,Impeller,8,B-37,qc,L2,Vaibhav,sulzer Impeller non coating areas extra coating obs & unclean ,-,7/28/2026 17:28:03,Closed,,"Rework job ....
 Accepted ",L2,7/28/2026,
ESC-229,KP-769-01,Not Found,Not Found,,,Admin ,L1,Sonal,"We have received the material and the purchase order from Aditya Enterprises, but the powder coating specified by the customer requires a different type of powder, and we need confirmation on this from them. The quotation department has contacted the customer via both phone and email, but there has been no response yet; so, how am I supposed to generate the sales order?",Call & Email,7/29/2026 9:31:07,Open,,,,,
ESC-229,KP-769-01,Not Found,Not Found,,,Admin ,L2,Sonal,"We have received the material and the purchase order from Aditya Enterprises, but the powder coating specified by the customer requires a different type of powder, and we need confirmation on this from them. The quotation department has contacted the customer via both phone and email, but there has been no response yet; so, how am I supposed to generate the sales order?",-,7/29/2026 9:36:43,Open,,,,,
ESC-229,KP-769-01,Not Found,Not Found,,,Admin ,L3,Sonal,"We have received the material and the purchase order from Aditya Enterprises, but the powder coating specified by the customer requires a different type of powder, and we need confirmation on this from them. The quotation department has contacted the customer via both phone and email, but there has been no response yet; so, how am I supposed to generate the sales order?",Sales team to coordinate with the customer,7/29/2026 9:41:52,Open,,,,,
ESC-230,_,Not Found,Not Found,,,CRM,L1,Hemangi,SKE-036/26-27 customer wants pending pre coting Drawing urgently today ,Followup fone with Musawwir he informed it will take more 2 to 3 days ,7/29/2026 14:51:39,Open,,,,,
ESC-230,_,Not Found,Not Found,,,CRM,L2,Hemangi,SKE-036/26-27 customer wants pending pre coting Drawing urgently today ,Delegated to MF to submit drwg EOD,7/29/2026 14:52:40,Open,,,,,
ESC-230,_,Not Found,Not Found,,,CRM,L3,Hemangi,SKE-036/26-27 customer wants pending pre coting Drawing urgently today ,-,7/29/2026 14:52:56,Open,,,,,
ESC-231,-,Not Found,Not Found,,,Grinding ,L1,Ankit,Job lgane per work had ruk raha hai ,"Center ka pressure chek kiya phir bhi thik nhi huaa ,or Pankaj ko bataya",8/1/2026 12:09:50,Open,,,,,